,id,,,,,
,13479,,,,,
,21619519,,,,,
,1391845341641773067,,,,,
,1051837159639007233,,,,,
,136550204,,,,,
,1890881023,,,,,
,796169341,,,,,
,16006592,,,,,
,1332809596885405702,,,,,
,953626173426237440,,,,,
,1350149851506503682,,,,,
,436001099,,,,,
,4435227552,,,,,
,720265901115711489,,,,,
,177857850,,,,,
,1196937733878505473,,,,,
,1403129251,,,,,
,138646025,,,,,
,1581498614,,,,,
,1363188574858997762,,,,,
,1567222717664870400,,,,,
,320181691,,,,,
,999285287812558848,,,,,
,768843456,,,,,
,323084924,,,,,
,2353655078,,,,,
,222436278,,,,,
,29817902,,,,,
,119800419,,,,,
,810424,,,,,
,135416922,,,,,
,782806500,,,,,
,1116470589638705152,,,,,
,17905942,,,,,
,1260735550941728770,,,,,
,551349832,,,,,
,118758998,,,,,
,1253804252625068035,,,,,
,1271691679,,,,,
,885106951562113024,,,,,
,72487404,,,,,
,437971723,,,,,
,26285079,,,,,
,1025754138343292933,,,,,
,1968962180,,,,,
,1396568392312791048,,,,,
,264025526,,,,,
,1001900810047979520,,,,,
,1105675130389319680,,,,,
,12389212,,,,,
,55376380,,,,,
,203332874,,,,,
,14108027,,,,,
,15752235,,,,,
,316389142,,,,,
,234186830,,,,,
,67309671,,,,,
,211948211,,,,,
,74715478,,,,,
,389084055,,,,,
,149991703,,,,,
,1222273871488917504,,,,,
,1025037163291914240,,,,,
,1252764865,,,,,
,877408490314137600,,,,,
,792074716475453442,,,,,
,1447181720,,,,,
,1306335292668801025,,,,,
,274294204,,,,,
,1480839907,,,,,
,1029404798968373252,,,,,
,1366756586182574080,,,,,
,24207998,,,,,
,923211867799072768,,,,,
,29018269,,,,,
,1501951934047014912,,,,,
,41761325,,,,,
,816869611480186880,,,,,
,17134670,,,,,
,1305220768746283008,,,,,
,1002012173583900672,,,,,
,253616306,,,,,
,2741878215,,,,,
,1415791555,,,,,
,3627369976,,,,,
,1382013875168669705,,,,,
,2918422160,,,,,
,1236243850609463297,,,,,
,1374574245037084672,,,,,
,32344703,,,,,
,130956351,,,,,
,20081176,,,,,
,1477745597457354755,,,,,
,1436825182052790272,,,,,
,476193064,,,,,
,105534413,,,,,
,3331936563,,,,,
,19001834,,,,,
,186552980,,,,,
,1491262110306689026,,,,,
,3721009813,,,,,
,16313140,,,,,
,1168581467816906752,,,,,
,1511811717227073541,,,,,
,1128712336590671875,,,,,
,128564530,,,,,
,17354377,,,,,
,1143914727061544961,,,,,
,3145431075,,,,,
,2468541983,,,,,
,380524610,,,,,
,1071102246,,,,,
,3311286493,,,,,
,2868329501,,,,,
,976969338,,,,,
,1190796036975058944,,,,,
,1252966724590284802,,,,,
,1025806914809155584,,,,,
,1041785194095816704,,,,,
,178065733,,,,,
,137752344,,,,,
,958098340322926595,,,,,
,814150429,,,,,
,7152572,,,,,
,1329283389048774656,,,,,
,30815935,,,,,
,1344701794191101952,,,,,
,2527835190,,,,,
,1485600931,,,,,
,153168449,,,,,
,774337933893636096,,,,,
,17544803,,,,,
,119166791,,,,,
,82975138,,,,,
,1300666387925479426,,,,,
,1540951016,,,,,
,409389074,,,,,
,1315022086327480321,,,,,
,1059542139737128960,,,,,
,1354417066791628811,,,,,
,3957234947,,,,,
,312267506,,,,,
,1535531570882351105,,,,,
,1511372757933572101,,,,,
,16418997,,,,,
,1516889603613114368,,,,,
,1425907382589300740,,,,,
,828445012304265219,,,,,
,59303075,,,,,
,26607712,,,,,
,2232352123,,,,,
,17296254,,,,,
,1136012362413199361,,,,,
,20715936,,,,,
,97753971,,,,,
,1060650511467245569,,,,,
,1126223345744273409,,,,,
,1469352670204944386,,,,,
,1117369118,,,,,
,342233158,,,,,
,1126226035664723969,,,,,
,798647509933576194,,,,,
,126512543,,,,,
,75449182,,,,,
,79899301,,,,,
,1308755215714258946,,,,,
,177797385,,,,,
,702790698,,,,,
,1525471166101704704,,,,,
,2558218715,,,,,
,1209408750,,,,,
,65494780,,,,,
,70985635,,,,,
,15376200,,,,,
,1286356556741828608,,,,,
,309151539,,,,,
,1181240549841334272,,,,,
,2832807293,,,,,
,16390220,,,,,
,1451713500439588864,,,,,
,1432391380492603395,,,,,
,45604374,,,,,
,1165399433820954625,,,,,
,811229675758505984,,,,,
,3406059493,,,,,
,22998311,,,,,
,1225200669856018435,,,,,
,373521455,,,,,
,2475407894,,,,,
,436006103,,,,,
,3751489228,,,,,
,117848878,,,,,
,3044993235,,,,,
,3383515306,,,,,
,1090715513586679813,,,,,
,44238517,,,,,
,3288705094,,,,,
,16537578,,,,,
,258481206,,,,,
,3440350633,,,,,
,4410039435,,,,,
,724796498022678528,,,,,
,466532637,,,,,
,623157734,,,,,
,1305950249882705920,,,,,
,1319364400428519424,,,,,
,620667947,,,,,
,3213979153,,,,,
,1540412350393630720,,,,,
,115564212,,,,,
,366290725,,,,,
,2835276183,,,,,
,1258165178,,,,,
,933739074401251328,,,,,
,1012452041170358273,,,,,
,1094511423902883840,,,,,
,1198792771085033472,,,,,
,281600173,,,,,
,1086378912,,,,,
,1415384176593883137,,,,,
,216379128,,,,,
,1280129577868763136,,,,,
,1248714159459569664,,,,,
,1193923575603965957,,,,,
,25801216,,,,,
,1713118033,,,,,
,17563292,,,,,
,41523428,,,,,
,168707357,,,,,
,440963378,,,,,
,152245756,,,,,
,926871175711592448,,,,,
,7775572,,,,,
,101972496,,,,,
,1041505310043766785,,,,,
,1151077929998278656,,,,,
,2208428209,,,,,
,28901450,,,,,
,19726431,,,,,
,1266803934166949889,,,,,
,1255909267401510916,,,,,
,121670601,,,,,
,574631672,,,,,
,1193633291506724864,,,,,
,47724293,,,,,
,738806388,,,,,
,1014940385498431488,,,,,
,16117029,,,,,
,48210656,,,,,
,835693134868856832,,,,,
,770074271741804548,,,,,
,94129050,,,,,
,1435013850907041797,,,,,
,486801537,,,,,
,1270742738946846720,,,,,
,881615056437297152,,,,,
,871969172141494273,,,,,
,324924857,,,,,
,147706979,,,,,
,2333546774,,,,,
,258885469,,,,,
,1463491769996169223,,,,,
,61734492,,,,,
,1196801758414155776,,,,,
,19026735,,,,,
,1286410383763308544,,,,,
,153859106,,,,,
,1357749740339929089,,,,,
,1243633084874047490,,,,,
,192970470,,,,,
,1314629114888884224,,,,,
,1269840772112752640,,,,,
,2866558330,,,,,
,1341826419739934721,,,,,
,130352142,,,,,
,3305981926,,,,,
,91386979,,,,,
,19050461,,,,,
,19693729,,,,,
,1506689287278014469,,,,,
,12244082,,,,,
,304814848,,,,,
,74279011,,,,,
,41640047,,,,,
,1074694254046388225,,,,,
,1404256569156521987,,,,,
,1505287504500510729,,,,,
,898565402346827779,,,,,
,395674143,,,,,
,18025377,,,,,
,800936305,,,,,
,118459189,,,,,
,4408401203,,,,,
,20636428,,,,,
,39568851,,,,,
,19793134,,,,,
,468064786,,,,,
,3421763344,,,,,
,1137083164944490497,,,,,
,19562228,,,,,
,414138120,,,,,
,4898091,,,,,
,1005846500583321601,,,,,
,454099919,,,,,
,89788739,,,,,
,1248369446,,,,,
,28051524,,,,,
,186827703,,,,,
,15456198,,,,,
,30844417,,,,,
,976580803491745794,,,,,
,382376904,,,,,
,121544946,,,,,
,1434251,,,,,
,1260285354118131712,,,,,
,1351954028163452929,,,,,
,301737847,,,,,
,9273802,,,,,
,510924201,,,,,
,6392972,,,,,
,228437800,,,,,
,21495286,,,,,
,3506977515,,,,,
,1229837593975517184,,,,,
,1251231810182426624,,,,,
,2365887990,,,,,
,38103780,,,,,
,4541535439,,,,,
,801581981024849920,,,,,
,1316474249989812224,,,,,
,57124794,,,,,
,26953478,,,,,
,1323214644,,,,,
,1871789076,,,,,
,553840400,,,,,
,190270078,,,,,
,249060131,,,,,
,31009072,,,,,
,69986363,,,,,
,190360266,,,,,
,19760322,,,,,
,2815373552,,,,,
,1112830424844255236,,,,,
,66492948,,,,,
,601148365,,,,,
,297100174,,,,,
,144611647,,,,,
,17101180,,,,,
,47438403,,,,,
,18426419,,,,,
,3305380733,,,,,
,732521058507620356,,,,,
,307562004,,,,,
,1146329871418843136,,,,,
,792054557501038592,,,,,
,1213240973649567746,,,,,
,75939860,,,,,
,14135350,,,,,
,69181624,,,,,
,1120633726478823425,,,,,
,56864092,,,,,
,275498007,,,,,
,1350150750966603777,,,,,
,18725815,,,,,
,38214152,,,,,
,26319619,,,,,
,34423941,,,,,
,20473084,,,,,
,18405412,,,,,
,1462548977367359490,,,,,
,197309990,,,,,
,393691133,,,,,
,1434154086769831941,,,,,
,402888514,,,,,
,44317593,,,,,
,23911915,,,,,
,33927727,,,,,
,178089837,,,,,
,316930595,,,,,
,47378887,,,,,
,3804067889,,,,,
,1202071284429066240,,,,,
,880959513427193856,,,,,
,932427704,,,,,
,1296611553710682113,,,,,
,48414148,,,,,
,2905469032,,,,,
,887141310943068162,,,,,
,1492633921779126273,,,,,
,1683515731,,,,,
,1069265806712860672,,,,,
,883084433313509378,,,,,
,61592079,,,,,
,3698187494,,,,,
,1579809553,,,,,
,475906106,,,,,
,232250242,,,,,
,859614097,,,,,
,47063142,,,,,
,47402168,,,,,
,2908572178,,,,,
,78420819,,,,,
,1488711103496564737,,,,,
,1105175523834118146,,,,,
,2149973089,,,,,
,876152272455176193,,,,,
,1485842721269035010,,,,,
,17811812,,,,,
,19556080,,,,,
,1403761760,,,,,
,181395652,,,,,
,435047210,,,,,
,1317612767302483970,,,,,
,2414753628,,,,,
,236518540,,,,,
,984616437590511616,,,,,
,32186559,,,,,
,46241244,,,,,
,1144654199495581696,,,,,
,954812176547700737,,,,,
,1046938994766958592,,,,,
,971554675181998080,,,,,
,15816595,,,,,
,15326961,,,,,
,1726682706,,,,,
,27717235,,,,,
,2294816190,,,,,
,2420700271,,,,,
,151713485,,,,,
,1356775867360378894,,,,,
,3129968261,,,,,
,278270805,,,,,
,191227452,,,,,
,17451211,,,,,
,23281108,,,,,
,2356566228,,,,,
,1200616796295847936,,,,,
,1377721681934966789,,,,,
,1358759343429201920,,,,,
,958398042171899904,,,,,
,621792982,,,,,
,499350129,,,,,
,2729784259,,,,,
,305216911,,,,,
,1118645185125191680,,,,,
,4011928402,,,,,
,55285564,,,,,
,73981088,,,,,
,1396491776739905542,,,,,
,2657833483,,,,,
,54679731,,,,,
,918913624395079680,,,,,
,184910040,,,,,
,63252661,,,,,
,943489818092240896,,,,,
,897466731551219717,,,,,
,2416252063,,,,,
,4853139513,,,,,
,20380049,,,,,
,14222566,,,,,
,160952087,,,,,
,823186861,,,,,
,1202014497767997440,,,,,
,562985982,,,,,
,126299991,,,,,
,4483083621,,,,,
,19273919,,,,,
,8525402,,,,,
,429047408,,,,,
,43643203,,,,,
,137346000,,,,,
,852662578073542656,,,,,
,361919460,,,,,
,924836857988313088,,,,,
,400255860,,,,,
,87502184,,,,,
,3299903945,,,,,
,20280088,,,,,
,79749258,,,,,
,54208274,,,,,
,486842125,,,,,
,15275677,,,,,
,16730645,,,,,
,32029945,,,,,
,2381285232,,,,,
,924445028,,,,,
,79342286,,,,,
,43230234,,,,,
,54979079,,,,,
,1303043874470985730,,,,,
,179973018,,,,,
,496376698,,,,,
,2187906247,,,,,
,1201953845267578881,,,,,
,1429843144921735171,,,,,
,801264172642213888,,,,,
,151535146,,,,,
,33812558,,,,,
,16076272,,,,,
,21005767,,,,,
,2646866478,,,,,
,1158458125,,,,,
,35638637,,,,,
,34664371,,,,,
,16465385,,,,,
,1244623358731395072,,,,,
,518737741,,,,,
,1113087343,,,,,
,113424792,,,,,
,1444532408485879811,,,,,
,262775768,,,,,
,20052487,,,,,
,1004821397938606081,,,,,
,34002725,,,,,
,494287469,,,,,
,306487042,,,,,
,707720768499482624,,,,,
,2389629666,,,,,
,102766938,,,,,
,1731805261,,,,,
,22546003,,,,,
,20292059,,,,,
,16625082,,,,,
,21704949,,,,,
,2603905945,,,,,
,9855382,,,,,
,1159495586036535296,,,,,
,87761810,,,,,
,16635277,,,,,
,21307076,,,,,
,1433584531,,,,,
,1212564056827031553,,,,,
,1065555885576151040,,,,,
,44993658,,,,,
,1404519992582942724,,,,,
,111181935,,,,,
,1009524756,,,,,
,302155957,,,,,
,953899742,,,,,
,563190755,,,,,
,729177876,,,,,
,768677588617138176,,,,,
,11670602,,,,,
,818194428,,,,,
,738779772,,,,,
,108094234,,,,,
,1385333375003676678,,,,,
,1215444012322172928,,,,,
,40804860,,,,,
,131691978,,,,,
,1030829425,,,,,
,24768753,,,,,
,1151075169139511297,,,,,
,773595520141058048,,,,,
,16096735,,,,,
,1079452691020042242,,,,,
,112588874,,,,,
,207243664,,,,,
,18358270,,,,,
,38617835,,,,,
,364519591,,,,,
,227790723,,,,,
,17944671,,,,,
,804514651,,,,,
,291406989,,,,,
,958694618,,,,,
,67378554,,,,,
,908090677,,,,,
,1240694391246704641,,,,,
,205591050,,,,,
,1017462800464187394,,,,,
,349719397,,,,,
,2754340124,,,,,
,777590146854039552,,,,,
,89560236,,,,,
,23592155,,,,,
,1370004282049781760,,,,,
,1069176127,,,,,
,14326086,,,,,
,19767193,,,,,
,182884481,,,,,
,26792275,,,,,
,2408705706,,,,,
,74008418,,,,,
,1120131210972467201,,,,,
,59229411,,,,,
,1290040458081574913,,,,,
,2326016834,,,,,
,1070183100053897217,,,,,
,1252706575388676098,,,,,
,780659479142555648,,,,,
,128126054,,,,,
,226631680,,,,,
,741346836317929476,,,,,
,16543390,,,,,
,743918219124080641,,,,,
,607867793,,,,,
,3192463742,,,,,
,66182591,,,,,
,14764240,,,,,
,1059273780,,,,,
,1292889266972958722,,,,,
,58122462,,,,,
,2447468288,,,,,
,16109501,,,,,
,393051905,,,,,
,42809339,,,,,
,40293637,,,,,
,1141097683,,,,,
,22760252,,,,,
,20919626,,,,,
,20910115,,,,,
,35289761,,,,,
,216016310,,,,,
,52388573,,,,,
,796183515998068736,,,,,
,695718710909263873,,,,,
,1305272667428343809,,,,,
,2977083957,,,,,
,330569814,,,,,
,757756454,,,,,
,1351363467085811713,,,,,
,1394017973480853504,,,,,
,22830647,,,,,
,14480378,,,,,
,53348301,,,,,
,2821486588,,,,,
,556519575,,,,,
,902193598241931264,,,,,
,4245547949,,,,,
,743078250004512768,,,,,
,15463390,,,,,
,728506592,,,,,
,68456106,,,,,
,14826802,,,,,
,1123502101,,,,,
,1345103905869455361,,,,,
,2824058775,,,,,
,533806457,,,,,
,15634728,,,,,
,1415307142534508547,,,,,
,17594077,,,,,
,1375280771615883267,,,,,
,151204588,,,,,
,757395254643425280,,,,,
,899978622416695297,,,,,
,278770101,,,,,
,307982591,,,,,
,730408697810145281,,,,,
,188525994,,,,,
,255827932,,,,,
,2511471793,,,,,
,2838125421,,,,,
,19545932,,,,,
,1638756846,,,,,
,1059147716851310595,,,,,
,1372552522292936716,,,,,
,1775731,,,,,
,27147528,,,,,
,2669093508,,,,,
,3158470088,,,,,
,1359700774910128128,,,,,
,166252256,,,,,
,1354833262431133696,,,,,
,1248031293171994630,,,,,
,1754641,,,,,
,15742985,,,,,
,78085696,,,,,
,350078359,,,,,
,22883726,,,,,
,2558970254,,,,,
,25972839,,,,,
,956630539078905858,,,,,
,65639777,,,,,
,14597239,,,,,
,15908429,,,,,
,17159397,,,,,
,2439043604,,,,,
,407013776,,,,,
,15138475,,,,,
,2881087294,,,,,
,110371258,,,,,
,46557945,,,,,
,22317508,,,,,
,1059527717769658372,,,,,
,397478799,,,,,
,206237672,,,,,
,61333930,,,,,
,3378077825,,,,,
,390429492,,,,,
,1454729862,,,,,
,18824923,,,,,
,1327651353578057729,,,,,
,1219283935865266178,,,,,
,20790580,,,,,
,1093264681,,,,,
,25267161,,,,,
,1149085934874517505,,,,,
,72294395,,,,,
,2946300174,,,,,
,59925401,,,,,
,88856085,,,,,
,42995067,,,,,
,62343633,,,,,
,86373964,,,,,
,1375260909162139651,,,,,
,23985504,,,,,
,248495200,,,,,
,2384732965,,,,,
,69933320,,,,,
,76392970,,,,,
,533324996,,,,,
,1282497045182521344,,,,,
,317273054,,,,,
,14342564,,,,,
,454313925,,,,,
,3308352436,,,,,
,299798272,,,,,
,256172472,,,,,
,72423061,,,,,
,30031547,,,,,
,61731614,,,,,
,13670232,,,,,
,192935052,,,,,
,3671138595,,,,,
,22891564,,,,,
,3404875323,,,,,
,460246990,,,,,
,524637292,,,,,
,1364687046175035396,,,,,
,31664542,,,,,
,878789583273578500,,,,,
,14007532,,,,,
,1017446827715592194,,,,,
,69656547,,,,,
,576436187,,,,,
,1277292400235417600,,,,,
,1224331064212180993,,,,,
,790933311858376704,,,,,
,1257426421116547073,,,,,
,1206174696,,,,,
,1087380412089987077,,,,,
,2350222669,,,,,
,1354861536502755335,,,,,
,773280684173463552,,,,,
,23509204,,,,,
,828683042935996417,,,,,
,1322238325927927812,,,,,
,1385641726635696129,,,,,
,113678242,,,,,
,951532196116008960,,,,,
,16288269,,,,,
,2840603141,,,,,
,110564722,,,,,
,90746345,,,,,
,211667317,,,,,
,2996448661,,,,,
,358221685,,,,,
,326834507,,,,,
,33051111,,,,,
,2322592290,,,,,
,605159733,,,,,
,316209113,,,,,
,21765244,,,,,
,62665162,,,,,
,32250446,,,,,
,1633259659,,,,,
,41430206,,,,,
,2289637122,,,,,
,2651551219,,,,,
,373958098,,,,,
,26497362,,,,,
,130936280,,,,,
,2575205850,,,,,
,227105554,,,,,
,181233011,,,,,
,300510109,,,,,
,250858058,,,,,
,38448220,,,,,
,257661436,,,,,
,1366763706718257152,,,,,
,163871920,,,,,
,1328835121970110472,,,,,
,14700316,,,,,
,45709328,,,,,
,37874163,,,,,
,729724849925410816,,,,,
,419487011,,,,,
,2235224052,,,,,
,1350121787011571713,,,,,
,24882415,,,,,
,1206227149,,,,,
,2471591910,,,,,
,2826804048,,,,,
,42101913,,,,,
,179492928,,,,,
,105001809,,,,,
,19453134,,,,,
,2346613154,,,,,
,95326483,,,,,
,65073830,,,,,
,20265395,,,,,
,20265254,,,,,
,1351311448195166208,,,,,
,380956211,,,,,
,515822213,,,,,
,14403440,,,,,
,101598769,,,,,
,45556680,,,,,
,14948068,,,,,
,151538848,,,,,
,2885725097,,,,,
,314190875,,,,,
,1263616084198002690,,,,,
,1350123171933003776,,,,,
,48023374,,,,,
,94215105,,,,,
,1333171793201225728,,,,,
,897861037,,,,,
,4228837518,,,,,
,316154811,,,,,
,742247601173626880,,,,,
,56565843,,,,,
,1196551900788752384,,,,,
,171523667,,,,,
,1070779518892290048,,,,,
,3291679891,,,,,
,414436134,,,,,
,246857534,,,,,
,143872695,,,,,
,1369343440534855681,,,,,
,579301184,,,,,
,16602961,,,,,
,17408008,,,,,
,49209566,,,,,
,2962868158,,,,,
,33235771,,,,,
,1339663967120199680,,,,,
,896079231544938496,,,,,
,2717254872,,,,,
,864242674383167489,,,,,
,1080485692298444800,,,,,
,1064595993222615040,,,,,
,550131748,,,,,
,22812754,,,,,
,16046443,,,,,
,43300047,,,,,
,538478293,,,,,
,1352064843432472578,,,,,
,627643516,,,,,
,16868756,,,,,
,78716886,,,,,
,15407632,,,,,
,19663254,,,,,
,750046943905058816,,,,,
,29205600,,,,,
,1349170292564905988,,,,,
,825854641510428676,,,,,
,573909276,,,,,
,17328030,,,,,
,11348282,,,,,
,1232783237623119872,,,,,
,1255473748700024837,,,,,
,235712666,,,,,
,24581361,,,,,
,1132899953276116992,,,,,
,618513452,,,,,
,447492511,,,,,
,798340644699680768,,,,,
,32222814,,,,,
,12561082,,,,,
,1219278784693768193,,,,,
,218984640,,,,,
,20179628,,,,,
,2677939802,,,,,
,6573352,,,,,
,890381594170712064,,,,,
,36491229,,,,,
,162069635,,,,,
,154985728,,,,,
,16463786,,,,,
,978620492,,,,,
,183667282,,,,,
,558769636,,,,,
,4824038954,,,,,
,1321935792416149505,,,,,
,1306676374128799744,,,,,
,587591389,,,,,
,173346422,,,,,
,19431976,,,,,
,63227112,,,,,
,4282171,,,,,
,249013720,,,,,
,1001123344480161792,,,,,
,4299425127,,,,,
,486577457,,,,,
,19519071,,,,,
,1354898820400877571,,,,,
,1265037073,,,,,
,1351249534035361799,,,,,
,2371339658,,,,,
,602471940,,,,,
,205864193,,,,,
,822242253712322560,,,,,
,973279522048086017,,,,,
,855844119863848961,,,,,
,263165485,,,,,
,90720582,,,,,
,202759893,,,,,
,119784462,,,,,
,19716781,,,,,
,7391432,,,,,
,1038204456863756289,,,,,
,1140451,,,,,
,89220865,,,,,
,3009582961,,,,,
,1303346699704954882,,,,,
,20508720,,,,,
,1338994562090602497,,,,,
,866737404065042432,,,,,
,1079883402772389894,,,,,
,2672898616,,,,,
,3033714667,,,,,
,1276403757224546304,,,,,
,281805591,,,,,
,19383099,,,,,
,430834036,,,,,
,1349149096909668363,,,,,
,842264449876652032,,,,,
,3255630260,,,,,
,26283307,,,,,
,255481647,,,,,
,82299300,,,,,
,262797432,,,,,
,163576195,,,,,
,349816997,,,,,
,68487669,,,,,
,443215941,,,,,
,108710418,,,,,
,778135,,,,,
,79293791,,,,,
,109302025,,,,,
,1702709203,,,,,
,1351284403801108481,,,,,
,2569743630,,,,,
,240462058,,,,,
,76478819,,,,,
,24529330,,,,,
,82489457,,,,,
,907741427102244864,,,,,
,3248891052,,,,,
,228177391,,,,,
,86424236,,,,,
,142415193,,,,,
,239963871,,,,,
,915076582867271680,,,,,
,806568868525309952,,,,,
,1020403619777085441,,,,,
,59331128,,,,,
,35341530,,,,,
,260451506,,,,,
,3688597337,,,,,
,12044602,,,,,
,25522083,,,,,
,1769646126,,,,,
,1087827458311798785,,,,,
,299505155,,,,,
,99012883,,,,,
,2519044628,,,,,
,243032876,,,,,
,24215154,,,,,
,32871086,,,,,
,2249531,,,,,
,289602303,,,,,
,18770777,,,,,
,264924050,,,,,
,372347731,,,,,
,219429281,,,,,
,35078260,,,,,
,3565248672,,,,,
,99966080,,,,,
,20622592,,,,,
,1345883634046279681,,,,,
,1344389506963808264,,,,,
,54239985,,,,,
,14630267,,,,,
,4127856339,,,,,
,1046744428956790785,,,,,
,503692875,,,,,
,18774066,,,,,
,763513600929521665,,,,,
,1162154704136278022,,,,,
,16850792,,,,,
,1183798227553927173,,,,,
,4882919170,,,,,
,7215512,,,,,
,21696279,,,,,
,826555346726580226,,,,,
,282115372,,,,,
,719939118453682178,end of first group,,,,
,1171119095267377153,,,,,
,995193054,,,,,
,48441742,,,,,
,602893320,,,,,
,804359497548439553,,,,,
,1289454846,,,,,
,1314001464814194689,,,,,
,72653483,,,,,
,589616133,,,,,
,1213599570682232832,,,,,
,1167931030608592898,,,,,
,661613,,,,,
,1002630999052865536,,,,,
,149522272,,,,,
,1343578440977494018,,,,,
,2169250734,,,,,
,133028836,,,,,
,834145309534064641,,,,,
,13298072,,,,,
,1285775624855072769,,,,,
,73238146,,,,,
,1035912728504938497,,,,,
,488759014,,,,,
,294816450,,,,,
,319100065,,,,,
,42451620,,,,,
,86383503,,,,,
,22771961,,,,,
,874896877,,,,,
,17514354,,,,,
,40144962,,,,,
,2347762888,,,,,
,1222271592,,,,,
,282099447,,,,,
,28339843,,,,,
,4334399601,,,,,
,1553144358,,,,,
,738916388509786113,,,,,
,1080222360643485698,,,,,
,167511780,,,,,
,26650974,,,,,
,1226185041031712770,,,,,
,234785973,,,,,
,2293900364,,,,,
,1132012321,,,,,
,26756955,,,,,
,37865281,,,,,
,76348185,,,,,
,2292932900,,,,,
,351269222,,,,,
,1330575260,,,,,
,167494170,,,,,
,815769588340236289,,,,,
,991763034304598016,,,,,
,859062296,,,,,
,61681958,,,,,
,14790966,,,,,
,1197992176367652865,,,,,
,1088812403062648832,,,,,
,453520720,,,,,
,837737528291647488,,,,,
,44979650,,,,,
,19343547,,,,,
,95263046,,,,,
,565469671,,,,,
,116589820,,,,,
,1089859058,,,,,
,101964362,,,,,
,196805357,,,,,
,36745613,,,,,
,56552341,,,,,
,2722659176,,,,,
,108408529,,,,,
,1324926274888888320,,,,,
,105939814,,,,,
,44177383,,,,,
,38683121,,,,,
,38754007,,,,,
,735741204,,,,,
,205367268,,,,,
,14260960,,,,,
,188007231,,,,,
,1313780486062452736,,,,,
,2277658899,,,,,
,23583267,,,,,
,2996337411,,,,,
,259832787,,,,,
,3622368202,,,,,
,118990336,,,,,
,825713234,,,,,
,21212087,,,,,
,3081856324,,,,,
,965627650759909377,,,,,
,376186166,,,,,
,48744256,,,,,
,1323730225067339784,,,,,
,2409467569,,,,,
,394101339,,,,,
,20815668,,,,,
,756558343850881024,,,,,
,15463671,,,,,
,375662595,,,,,
,112526560,,,,,
,15324713,,,,,
,1041044041,,,,,
,990521017465483264,,,,,
,2223157392,,,,,
,1266785341433937921,,,,,
,36424664,,,,,
,29495695,,,,,
,38502248,,,,,
,239098149,,,,,
,59900070,,,,,
,1656913327,,,,,
,1058246118,,,,,
,22387347,,,,,
,60087571,,,,,
,250690720,,,,,
,2301790580,,,,,
,262270117,,,,,
,17004368,,,,,
,37957647,,,,,
,1182312568699916288,,,,,
,1242614028763123713,,,,,
,1041008622854197248,,,,,
,102891503,,,,,
,2815822082,,,,,
,170163241,,,,,
,76611108,,,,,
,1112903145838071808,,,,,
,17466132,,,,,
,1197671706057433089,,,,,
,41651187,,,,,
,386465801,,,,,
,521747968,,,,,
,18590012,,,,,
,53827280,,,,,
,216003160,,,,,
,17086475,,,,,
,312191469,,,,,
,35583244,,,,,
,278161123,,,,,
,277880167,,,,,
,967214466902315008,,,,,
,1070051454235303936,,,,,
,25261154,,,,,
,50669520,,,,,
,948946378939609089,,,,,
,500205167,,,,,
,15728161,,,,,
,24917531,,,,,
,19475776,,,,,
,1280613644146028546,,,,,
,598947276,,,,,
,5880462,,,,,
,1088078788578152450,,,,,
,1008180798116245504,,,,,
,47216804,,,,,
,11317392,,,,,
,404262940,,,,,
,240453611,,,,,
,51547100,,,,,
,842501352945143809,,,,,
,15174710,,,,,
,905819328494395392,,,,,
,256314454,,,,,
,63136498,,,,,
,900510354127687680,,,,,
,1213254167780712449,,,,,
,44134773,,,,,
,1044241,,,,,
,1221242033530195970,,,,,
,18987076,,,,,
,271026442,,,,,
,20083388,,,,,
,23979328,,,,,
,44787918,,,,,
,12046642,,,,,
,28010482,,,,,
,752665072225308672,,,,,
,2617487317,,,,,
,205251093,,,,,
,23187207,,,,,
,22313347,,,,,
,21371341,,,,,
,865592744231682048,,,,,
,54885334,,,,,
,881974187589603328,,,,,
,312336521,,,,,
,51253779,,,,,
,18013279,,,,,
,1088232459844702215,,,,,
,3119988399,,,,,
,257199732,,,,,
,499109830,,,,,
,1149241669121916928,,,,,
,269000293,,,,,
,33136420,,,,,
,836913667,,,,,
,924046650,,,,,
,25466022,,,,,
,959388576,,,,,
,1225865504050511873,,,,,
,595018247,,,,,
,252249233,,,,,
,950757271411175425,,,,,
,182545611,,,,,
,603457882,,,,,
,161057733,,,,,
,34372862,,,,,
,2316624663,,,,,
,950086865104891905,,,,,
,255189781,,,,,
,826740883,,,,,
,31611298,,,,,
,735225164267327488,,,,,
,756331316,,,,,
,297764495,,,,,
,45629254,,,,,
,37046756,,,,,
,353890966,,,,,
,22840327,,,,,
,925761459606474757,,,,,
,540628749,,,,,
,2477240685,,,,,
,15952856,,,,,
,14229273,,,,,
,2363460824,,,,,
,78385982,,,,,
,962615527,,,,,
,872710897,,,,,
,31448660,,,,,
,1836083816,,,,,
,29221344,,,,,
,34113439,,,,,
,5360012,,,,,
,1178431829969383426,,,,,
,18583722,,,,,
,36299068,,,,,
,14588121,,,,,
,360743972,,,,,
,559229566,,,,,
,3409123967,,,,,
,2708191476,,,,,
,4140881832,,,,,
,29472053,,,,,
,77596200,,,,,
,899124567247003650,,,,,
,2344209337,,,,,
,393153088,,,,,
,16397938,,,,,
,1537159855,,,,,
,71048726,,,,,
,2316348948,,,,,
,2244953047,,,,,
,326756275,,,,,
,16548412,,,,,
,113540204,,,,,
,785920913841631232,,,,,
,1257758638275473409,,,,,
,248884036,,,,,
,276688330,,,,,
,7651862,,,,,
,247174365,,,,,
,1609976448,,,,,
,722861478424936449,,,,,
,1088239118918676480,,,,,
,18794294,,,,,
,129307263,,,,,
,2264040507,,,,,
,17470695,,,,,
,85615231,,,,,
,1189558277715222528,,,,,
,76997832,,,,,
,18831926,,,,,
,637052996,,,,,
,4185877812,,,,,
,15433452,,,,,
,15515858,,,,,
,1204145611131498499,,,,,
,893496121,,,,,
,21675256,,,,,
,961312723035394048,,,,,
,39279027,,,,,
,1147687408479195137,,,,,
,1684234034,,,,,
,9763482,,,,,
,20178419,,,,,
,8320832,,,,,
,170111219,,,,,
,199766003,,,,,
,238840746,,,,,
,36131791,,,,,
,125706625,,,,,
,716521602565799936,,,,,
,27029537,,,,,
,18740738,,,,,
,87371781,,,,,
,1018636980593283072,,,,,
,6089322,,,,,
,1435461,,,,,
,77302589,,,,,
,19120852,,,,,
,588145519,,,,,
,15100219,,,,,
,25140894,,,,,
,1280928564364349441,,,,,
,67958182,,,,,
,15317676,,,,,
,1650623953,,,,,
,15978412,,,,,
,148593548,,,,,
,19502995,,,,,
,14575107,,,,,
,1879831,,,,,
,16929349,,,,,
,28175824,,,,,
,3040298927,,,,,
,1310624174,,,,,
,21280975,,,,,
,260759782,,,,,
,88223320,,,,,
,63330870,,,,,
,2415806120,,,,,
,1084190023589773319,,,,,
,741736264379031552,,,,,
,1251253835101876226,,,,,
,23314049,,,,,
,216241925,,,,,
,1340997858,,,,,
,36401728,,,,,
,2317824895,,,,,
,386507775,,,,,
,188061519,,,,,
,113494390,,,,,
,25570250,,,,,
,82151660,,,,,
,123327472,,,,,
,975731,,,,,
,1289613978,,,,,
,210576889,,,,,
,3883980802,,,,,
,71424847,,,,,
,33653195,,,,,
,1116467387208032257,,,,,
,274440617,,,,,
,603025587,,,,,
,193802516,,,,,
,327862439,,,,,
,299734693,,,,,
,2885556048,,,,,
,16130041,,,,,
,48029347,,,,,
,92586370,,,,,
,49773236,,,,,
,169072915,,,,,
,214622133,,,,,
,2358351247,,,,,
,30761484,,,,,
,35408864,,,,,
,137794015,,,,,
,964032914626359296,,,,,
,26947623,,,,,
,2557507771,,,,,
,1609364557,,,,,
,118245138,,,,,
,974233430,,,,,
,1192154005771829248,,,,,
,253320860,,,,,
,282545479,,,,,
,602317143,,,,,
,817083,,,,,
,24195214,,,,,
,85896319,,,,,
,22006244,,,,,
,2196586681,,,,,
,180514753,,,,,
,346647178,,,,,
,2968451607,,,,,
,45265448,,,,,
,16156174,,,,,
,39030654,,,,,
,3776458695,,,,,
,1061310112013434882,,,,,
,137466464,,,,,
,156783075,,,,,
,14962779,,,,,
,372536101,,,,,
,1058520120,,,,,
,221651256,,,,,
,869722117696356352,,,,,
,1267310901155135488,,,,,
,95731075,,,,,
,17874544,,,,,
,275686563,,,,,
,52176863,,,,,
,14742251,,,,,
,185270017,,,,,
,69426451,,,,,
,14552720,,,,,
,33781711,,,,,
,46694102,,,,,
,564313817,,,,,
,14416124,,,,,
,1479840834,,,,,
,95810454,,,,,
,761628236233134080,,,,,
,32339615,,,,,
,37999041,,,,,
,795690568554840064,,,,,
,268476335,,,,,
,1666134386,,,,,
,18245875,,,,,
,227429355,,,,,
,200711723,,,,,
,18713552,,,,,
,1191720591369396224,,,,,
,14949858,,,,,
,56164952,,,,,
,14544187,,,,,
,756123897783808000,,,,,
,907353025714561024,,,,,
,125422180,,,,,
,787392577,,,,,
,825759441832308737,,,,,
,473393426,,,,,
,1264890456070139904,,,,,
,63240797,,,,,
,4625037762,,,,,
,1080587263132733442,,,,,
,46306646,,,,,
,817787882395955200,,,,,
,76967543,,,,,
,151736590,,,,,
,2307896654,,,,,
,448442694,,,,,
,14298769,,,,,
,4828272875,,,,,
,20728459,,,,,
,175180732,,,,,
,227186442,,,,,
,19158789,,,,,
,330118135,,,,,
,330116242,,,,,
,128790234,,,,,
,2830770427,,,,,
,1075095800827527168,,,,,
,260080364,,,,,
,902910115434684416,,,,,
,1061079586979635201,,,,,
,158901399,,,,,
,353768250,,,,,
,1011118111301537794,,,,,
,210927444,,,,,
,1884052393,,,,,
,177995084,,,,,
,16191793,,,,,
,37281592,,,,,
,20371543,,,,,
,248462774,,,,,
,86129724,,,,,
,15489945,,,,,
,34873364,,,,,
,1269484932717580288,,,,,
,22455550,,,,,
,18949610,,,,,
,92544900,,,,,
,716812878,,,,,
,236377257,,,,,
,1189200642927222786,,,,,
,716587184,,,,,
,89370698,,,,,
,829597064829005824,,,,,
,1164691081696600067,,,,,
,54238458,,,,,
,15649438,,,,,
,20095865,,,,,
,818424859,,,,,
,715420335772807168,,,,,
,15862440,,,,,
,291428614,,,,,
,1184509984081633286,,,,,
,16228479,,,,,
,115463768,,,,,
,26006398,,,,,
,98061950,,,,,
,200471093,,,,,
,17919972,,,,,
,70874139,,,,,
,19152977,,,,,
,166739404,,,,,
,15676413,,,,,
,3122567399,,,,,
,2678108269,,,,,
,1267532252717527041,,,,,
,96464631,,,,,
,128664931,,,,,
,937020045963665409,,,,,
,258954731,,,,,
,3059028788,,,,,
,1093741367162036224,,,,,
,531071556,,,,,
,57337836,,,,,
,850904352,,,,,
,166219963,,,,,
,17785640,,,,,
,70496137,,,,,
,1122921580210921474,,,,,
,821446640343117828,,,,,
,772618740638765056,,,,,
,326369670,,,,,
,3248910245,,,,,
,15841758,,,,,
,17152458,,,,,
,14619527,,,,,
,2269654426,,,,,
,266697434,,,,,
,283830150,,,,,
,230997420,,,,,
,121590611,,,,,
,954386637722673152,,,,,
,329866683,,,,,
,429528371,,,,,
,980218279678574592,,,,,
,834857274711670785,,,,,
,858809231167942660,,,,,
,1128147829606600706,,,,,
,1550520115,,,,,
,3186878430,,,,,
,193889978,,,,,
,1267259278089261057,,,,,
,820378690920058880,,,,,
,17138634,,,,,
,809887021,,,,,
,384913290,,,,,
,18125335,,,,,
,3165817215,,,,,
,24752038,,,,,
,321660575,,,,,
,286998245,,,,,
,2732591676,,,,,
,247410609,,,,,
,762690511836708864,,,,,
,280552762,,,,,
,822995966504615938,,,,,
,2285744347,,,,,
,2321010157,,,,,
,21728303,,,,,
,1161978618635071488,,,,,
,117492112,,,,,
,1221697206,,,,,
,402744420,,,,,
,16378486,,,,,
,18020246,,,,,
,1110616226,,,,,
,1394732772,,,,,
,305377439,,,,,
,127950286,,,,,
,36743910,,,,,
,230190627,,,,,
,2801780500,,,,,
,1260362699160125441,,,,,
,87384843,,,,,
,264374539,,,,,
,375192967,,,,,
,387980164,,,,,
,188019606,,,,,
,18396070,,,,,
,1060217388078129153,,,,,
,938556022460907521,,,,,
,15645913,,,,,
,308658903,,,,,
,31127446,,,,,
,18955413,,,,,
,29752603,,,,,
,87359651,,,,,
,277253191,,,,,
,938203229963374592,,,,,
,2904739781,,,,,
,58503762,,,,,
,228784353,,,,,
,19405988,,,,,
,209725071,,,,,
,1101246670187171843,,,,,
,1238288040768012289,,,,,
,1164723980571463680,,,,,
,1099169154,,,,,
,1177276492931391488,,,,,
,266980765,,,,,
,15744134,,,,,
,2984679029,,,,,
,154221292,,,,,
,101909759,,,,,
,15161984,,,,,
,27052147,,,,,
,21471357,,,,,
,336181825,,,,,
,470708968,,,,,
,1043143916340559874,,,,,
,26028721,,,,,
,1101533069499092992,,,,,
,1192899481945010177,,,,,
,1278261428,,,,,
,2729615444,,,,,
,17087210,,,,,
,138479037,,,,,
,2314055840,,,,,
,783214,,,,,
,143863573,,,,,
,33888851,,,,,
,985472161178640384,,,,,
,427630477,,,,,
,19086456,,,,,
,2205024632,,,,,
,879521,,,,,
,1082748677108715520,,,,,
,2490427410,,,,,
,436925910,,,,,
,2916086925,,,,,
,255169044,,,,,
,21072005,,,,,
,283258239,,,,,
,106757231,,,,,
,48144950,,,,,
,342458752,,,,,
,799021091045904384,,,,,
,3183721,,,,,
,59557446,,,,,
,47191293,,,,,
,48132847,,,,,
,14870670,,,,,
,60190930,,,,,
,73754019,,,,,
,26264743,,,,,
,325716763,,,,,
,46023,,,,,
,288352064,,,,,
,1199359810413707264,,,,,
,1076161611033968640,,,,,
,170699708,,,,,
,180107694,,,,,
,330058251,,,,,
,771833052,,,,,
,5674602,,,,,
,16228398,,,,,
,105814154,,,,,
,25613925,,,,,
,258453217,,,,,
,1953181225,,,,,
,17685258,,,,,
,1133790162088026112,,,,,
,940801188479594496,,,,,
,263332399,,,,,
,431014160,,,,,
,12670512,,,,,
,14642495,,,,,
,147017457,,,,,
,5202671,,,,,
,250310762,,,,,
,1055516850870599680,,,,,
,394762955,,,,,
,1103755484820107272,,,,,
,83075662,,,,,
,807176238,,,,,
,139731000,,,,,
,1085544983741038592,,,,,
,1130909048767954945,,,,,
,242058793,,,,,
,16326882,,,,,
,35294738,,,,,
,294084341,,,,,
,902975702928166913,,,,,
,38228095,,,,,
,163486896,,,,,
,219718241,,,,,
,212094352,,,,,
,76133715,,,,,
,505079765,,,,,
,380468726,,,,,
,938817353185456131,,,,,
,188847758,,,,,
,2188359224,,,,,
,1186846388056969217,,,,,
,1236838006901936130,,,,,
,50149303,,,,,
,777029581,,,,,
,953357156752994304,,,,,
,276051935,,,,,
,548078410,,,,,
,17893690,,,,,
,16815644,,,,,
,16137494,,,,,
,422210889,,,,,
,84734907,,,,,
,34317032,,,,,
,969781208321331201,,,,,
,722828784,,,,,
,256824557,,,,,
,3291691,,,,,
,1055824363713376257,,,,,
,848891414415126529,,,,,
,298109087,,,,,
,2806253912,,,,,
,583902190,,,,,
,15704971,,,,,
,21918310,,,,,
,785137,,,,,
,113250460,,,,,
,338890044,,,,,
,242856842,,,,,
,143601713,,,,,
,230931590,,,,,
,244787462,,,,,
,3041796487,,,,,
,78694788,,,,,
,17143007,,,,,
,47275328,,,,,
,2501041534,,,,,
,887924208,,,,,
,21625936,,,,,
,879713840119861249,,,,,
,886357871373438977,,,,,
,26939677,,,,,
,595245502,,,,,
,378749192,,,,,
,78194111,,,,,
,1074697051080925185,,,,,
,203843920,,,,,
,2479224200,,,,,
,17119688,,,,,
,16116288,,,,,
,4258204312,,,,,
,191074329,,,,,
,855204516,,,,,
,320432933,,,,,
,1079886570671534080,,,,,
,343954370,,,,,
,78525538,,,,,
,636253357,,,,,
,224089477,,,,,
,2789857374,,,,,
,249453999,,,,,
,49759849,,,,,
,2480691936,,,,,
,16148814,,,,,
,741261444721856512,,,,,
,1659643664,,,,,
,19471651,,,,,
,491631309,,,,,
,117836719,,,,,
,419784857,,,,,
,23578274,,,,,
,31016872,,,,,
,15334380,,,,,
,26596727,,,,,
,1383272101,,,,,
,22089567,,,,,
,223166587,,,,,
,29860364,,,,,
,16950628,,,,,
,191469176,,,,,
,1634499846,,,,,
,1228462620,,,,,
,18165957,,,,,
,52521572,,,,,
,866715715696566273,,,,,
,214564805,,,,,
,252531143,,,,,
,37860248,,,,,
,28435333,,,,,
,1349502750,,,,,
,36261242,,,,,
,340588050,,,,,
,62591681,,,,,
,10454572,,,,,
,51916936,,,,,
,11621822,,,,,
,190298721,,,,,
,1233928362852331520,,,,,
,48255275,,,,,
,147649517,,,,,
,379980176,,,,,
,196362083,,,,,
,20783,,,,,
,41764136,,,,,
,66526659,,,,,
,17109272,,,,,
,17371873,,,,,
,145711769,,,,,
,281713116,,,,,
,879715313486639111,,,,,
,804414007377416192,,,,,
,3882727697,,,,,
,19186003,,,,,
,294645579,,,,,
,1139166385966374913,,,,,
,88846611,,,,,
,15191919,,,,,
,33515703,,,,,
,2706990050,,,,,
,216505381,,,,,
,221185711,,,,,
,82254216,,,,,
,104934564,,,,,
,1716010170,,,,,
,187977521,,,,,
,281593711,,,,,
,3257227629,,,,,
,279036722,,,,,
,2922928743,,,,,
,24260945,,,,,
,33919343,,,,,
,38936142,,,,,
,766325395708870656,,,,,
,18646108,,,,,
,17907987,,,,,
,2804332645,,,,,
,42562446,,,,,
,66804351,,,,,
,17425181,,,,,
,4842325334,,,,,
,326255267,,,,,
,103392633,,,,,
,71876190,,,,,
,357576227,,,,,
,14779408,,,,,
,2773444862,,,,,
,33774289,,,,,
,78776348,,,,,
,146569971,,,,,
,184860130,,,,,
,229552128,,,,,
,19367849,,,,,
,1173913091517689856,,,,,
,66379182,,,,,
,18533219,,,,,
,17797666,,,,,
,1080941062028447744,,,,,
,2325548840,,,,,
,468823008,,,,,
,15262791,,,,,
,12354832,,,,,
,545576012,,,,,
,1622933460,,,,,
,2570783156,,,,,
,62919588,,,,,
,95981793,,,,,
,89820928,,,,,
,18701421,,,,,
,272472324,,,,,
,154101116,,,,,
,85694915,,,,,
,21541950,,,,,
,18697888,,,,,
,610183411,,,,,
,54588816,,,,,
,1082694056839397376,,,,,
,187838951,,,,,
,169586280,,,,,
,50073507,,,,,
,2325979344,,,,,
,21252618,,,,,
,391724938,,,,,
,51087809,,,,,
,3298708805,,,,,
,817482777381605376,,,,,
,1263706735,,,,,
,769201334054707201,,,,,
,77852581,,,,,
,23410776,,,,,
,2961639518,,,,,
,290890104,,,,,
,14366976,,,,,
,191332968,,,,,
,49855259,,,,,
,2920526530,,,,,
,733451924,,,,,
,15717596,,,,,
,14669126,,,,,
,16673982,,,,,
,757362706664067073,,,,,
,221228044,,,,,
,132788675,,,,,
,20000725,,,,,
,19574037,,,,,
,33599459,,,,,
,324703658,,,,,
,1317129865,,,,,
,19209801,,,,,
,26356989,,,,,
,1227490881567019010,,,,,
,16187815,,,,,
,2949261587,,,,,
,18587457,,,,,
,24044209,,,,,
,7319832,,,,,
,958828790313971713,,,,,
,2968635633,,,,,
,14293310,,,,,
,87818409,,,,,
,6134882,,,,,
,19040598,,,,,
,23645988,,,,,
,312012257,,,,,
,958435057,,,,,
,102594136,,,,,
,288480803,,,,,
,779638124,,,,,
,250435101,,,,,
,342861223,,,,,
,280461866,,,,,
,280246440,,,,,
,338875236,,,,,
,1114970489942753280,,,,,
,15778911,,,,,
,4486093643,,,,,
,1183875753626222593,,,,,
,606196086,,,,,
,14335880,,,,,
,862971444833251329,,,,,
,23600262,,,,,
,96675300,,,,,
,540458083,,,,,
,984819646082797568,,,,,
,80366372,,,,,
,1167735445,,,,,
,34996738,,,,,
,3788262252,,,,,
,26239721,,,,,
,385653739,,,,,
,17094858,,,,,
,30395567,,,,,
,39000115,,,,,
,323392744,,,,,
,247851217,,,,,
,261749497,,,,,
,103075451,,,,,
,53130511,,,,,
,259873788,,,,,
,464076088,,,,,
,88802201,,,,,
,237548529,,,,,
,17793878,,,,,
,1080277407867772930,,,,,
,21061366,,,,,
,41444712,,,,,
,2829987121,,,,,
,30752163,,,,,
,522282462,,,,,
,139738464,,,,,
,19400611,,,,,
,873730110,,,,,
,217550862,,,,,
,8953122,,,,,
,1106501,,,,,
,108617810,,,,,
,967027984426242053,,,,,
,14397399,,,,,
,4165466061,,,,,
,40353407,,,,,
,463765807,,,,,
,39668527,,,,,
,222622640,,,,,
,11640472,,,,,
,315331161,,,,,
,14931637,,,,,
,7860902,,,,,
,26165922,,,,,
,2311193425,,,,,
,42496256,,,,,
,702632832951304193,,,,,
,15675351,,,,,
,4559408663,,,,,
,1138076821533155328,,,,,
,2725669979,,,,,
,193473814,,,,,
,16240376,,,,,
,5336752,,,,,
,1059273936,,,,,
,3548096477,,,,,
,548384458,,,,,
,24463149,,,,,
,126722715,,,,,
,88982785,,,,,
,2504398849,,,,,
,334972686,,,,,
,127605667,,,,,
,302081837,,,,,
,481655487,,,,,
,163296200,,,,,
,59491326,,,,,
,18661130,,,,,
,798651121237528576,,,,,
,823384095917010946,,,,,
,41406567,,,,,
,41873707,,,,,
,879771304316071938,,,,,
,274589475,,,,,
,279595834,,,,,
,789122815798702080,end of second group,,,,
,70764269,,,,,
,153802121,,,,,
,253152109,,,,,
,20068679,,,,,
,23588075,,,,,
,71612907,,,,,
,318199315,,,,,
,34766293,,,,,
,845129568331612161,,,,,
,33989747,,,,,
,941829517273944064,,,,,
,1036779185660993536,,,,,
,1000549015023423489,,,,,
,40684090,,,,,
,1159585651110666246,,,,,
,101754147,,,,,
,291418287,,,,,
,326562333,,,,,
,2205277231,,,,,
,1115694404008796160,,,,,
,250211424,,,,,
,18494510,,,,,
,33995409,,,,,
,293624877,,,,,
,18351019,,,,,
,467924781,,,,,
,766627771514773508,,,,,
,15954997,,,,,
,14550673,,,,,
,363421004,,,,,
,14235543,,,,,
,470792609,,,,,
,10982522,,,,,
,1134059457191776257,,,,,
,175434906,,,,,
,1143519079527067648,,,,,
,57002648,,,,,
,15977275,,,,,
,200846651,,,,,
,845553265,,,,,
,33537967,,,,,
,804872120790642688,,,,,
,23406730,,,,,
,798973032362606600,,,,,
,964535737461936131,,,,,
,78396305,,,,,
,848390172450443270,,,,,
,14766917,,,,,
,36540225,,,,,
,534675241,,,,,
,40255499,,,,,
,42887383,,,,,
,93330058,,,,,
,156653779,,,,,
,267938462,,,,,
,25387735,,,,,
,15633766,,,,,
,75539610,,,,,
,807450792,,,,,
,25737779,,,,,
,3099846905,,,,,
,71150575,,,,,
,200514238,,,,,
,53441953,,,,,
,22846853,,,,,
,148192924,,,,,
,87271106,,,,,
,25160944,,,,,
,1173995401147572224,,,,,
,229665860,,,,,
,39598688,,,,,
,19028953,,,,,
,27384718,,,,,
,21456548,,,,,
,111935889,,,,,
,411194625,,,,,
,1192673341254946816,,,,,
,973444331091648512,,,,,
,2492917412,,,,,
,2376847605,,,,,
,4196983835,,,,,
,846137120209190912,,,,,
,537502692,,,,,
,355930331,,,,,
,15276573,,,,,
,18650093,,,,,
,214120461,,,,,
,16187637,,,,,
,2228878592,,,,,
,2563081,,,,,
,146929240,,,,,
,3022623226,,,,,
,221153484,,,,,
,19247844,,,,,
,20744708,,,,,
,22129280,,,,,
,880018682,,,,,
,208058457,,,,,
,4895447718,,,,,
,52810443,,,,,
,25209196,,,,,
,30270954,,,,,
,2465737627,,,,,
,34013800,,,,,
,139162440,,,,,
,24277376,,,,,
,155784594,,,,,
,820354372827758592,,,,,
,820431635145510912,,,,,
,241280143,,,,,
,69004966,,,,,
,626131422,,,,,
,3048160253,,,,,
,3346224705,,,,,
,20725994,,,,,
,24854898,,,,,
,14749971,,,,,
,386352604,,,,,
,17060020,,,,,
,15763959,,,,,
,817076257770835968,,,,,
,16028233,,,,,
,1362368612,,,,,
,947924373029171200,,,,,
,14188527,,,,,
,17695016,,,,,
,159904799,,,,,
,955988804116078592,,,,,
,21582877,,,,,
,149626146,,,,,
,1257988926,,,,,
,1113363354,,,,,
,17427578,,,,,
,460470940,,,,,
,102432731,,,,,
,841881274352582656,,,,,
,8318902,,,,,
,14397885,,,,,
,1158393801066582016,,,,,
,165944767,,,,,
,15922214,,,,,
,28652194,,,,,
,822131894540083201,,,,,
,16026940,,,,,
,150078976,,,,,
,19055698,,,,,
,4265721,,,,,
,1157414114039173121,,,,,
,6585222,,,,,
,256881576,,,,,
,4699063596,,,,,
,28213516,,,,,
,8442372,,,,,
,424769341,,,,,
,128750686,,,,,
,257354839,,,,,
,7864222,,,,,
,259395895,,,,,
,126401831,,,,,
,556865087,,,,,
,4462528175,,,,,
,31801993,,,,,
,144286635,,,,,
,1150480310380847104,,,,,
,4078951408,,,,,
,35773039,,,,,
,887486357718929410,,,,,
,2695143194,,,,,
,14603515,,,,,
,3397734904,,,,,
,1293951721,,,,,
,115554440,,,,,
,475841384,,,,,
,840502412842541056,,,,,
,3305651181,,,,,
,208725869,,,,,
,85764133,,,,,
,382763253,,,,,
,835213468852711425,,,,,
,47526275,,,,,
,2496925550,,,,,
,34485937,,,,,
,96149284,,,,,
,1109163690622939137,,,,,
,836226687272632320,,,,,
,273531261,,,,,
,1192932549351354369,,,,,
,18229081,,,,,
,241201438,,,,,
,198596758,,,,,
,2354013972,,,,,
,142386580,,,,,
,42300890,,,,,
,9413702,,,,,
,87853386,,,,,
,717867063486775297,,,,,
,3817711873,,,,,
,32702382,,,,,
,21669123,,,,,
,84816752,,,,,
,246560945,,,,,
,47438401,,,,,
,836408868355846145,,,,,
,175516377,,,,,
,2339574482,,,,,
,31108138,,,,,
,25125555,,,,,
,584797578,,,,,
,22648354,,,,,
,823728914208002050,,,,,
,731616058495389696,,,,,
,15220768,,,,,
,155260599,,,,,
,780206406024691712,,,,,
,54366616,,,,,
,1068325256073551872,,,,,
,970048583121686529,,,,,
,3506130508,,,,,
,882843534750961664,,,,,
,438665212,,,,,
,1080191866509901826,,,,,
,1410590874,,,,,
,787149253302812672,,,,,
,39176902,,,,,
,15473574,,,,,
,85553575,,,,,
,219141142,,,,,
,249547283,,,,,
,469717372,,,,,
,16265742,,,,,
,134146476,,,,,
,4128420672,,,,,
,18048681,,,,,
,24258355,,,,,
,88673078,,,,,
,348010835,,,,,
,37294647,,,,,
,31869400,,,,,
,296005306,,,,,
,16209180,,,,,
,1138107412232228865,,,,,
,1085287845588336646,,,,,
,70776910,,,,,
,556206038,,,,,
,170641465,,,,,
,51584209,,,,,
,55080227,,,,,
,2670726740,,,,,
,474154291,,,,,
,363450850,,,,,
,1457712445,,,,,
,48733366,,,,,
,742846011932975104,,,,,
,242555999,,,,,
,2968007206,,,,,
,190063585,,,,,
,574795929,,,,,
,55896443,,,,,
,242893326,,,,,
,18228075,,,,,
,384923143,,,,,
,260478229,,,,,
,19526225,,,,,
,50390258,,,,,
,1050211373102391296,,,,,
,230787751,,,,,
,722242009,,,,,
,75209239,,,,,
,2794535639,,,,,
,18816166,,,,,
,347299985,,,,,
,20736218,,,,,
,1098685988,,,,,
,22095410,,,,,
,4863545294,,,,,
,580312540,,,,,
,2232633485,,,,,
,872143958847045632,,,,,
,267728487,,,,,
,927818520,,,,,
,47436923,,,,,
,119972954,,,,,
,51546100,,,,,
,448201718,,,,,
,593837736,,,,,
,21789463,,,,,
,89115813,,,,,
,838207103852396544,,,,,
,1112748963130679310,,,,,
,24913074,,,,,
,45511031,,,,,
,810585618031984640,,,,,
,288277167,,,,,
,185043343,,,,,
,1081287427937968128,,,,,
,266649726,,,,,
,1032331311581745152,,,,,
,1126294786670039040,,,,,
,859345981367767041,,,,,
,323440720,,,,,
,2150327072,,,,,
,754006735468261376,,,,,
,26717837,,,,,
,814179031956488192,,,,,
,390170244,,,,,
,21879831,,,,,
,1512446430,,,,,
,18634831,,,,,
,31128529,,,,,
,2573254512,,,,,
,35949716,,,,,
,115710058,,,,,
,1094561385223241728,,,,,
,14291684,,,,,
,16753660,,,,,
,963480595,,,,,
,975200486,,,,,
,1136317807954731014,,,,,
,18622869,,,,,
,17006157,,,,,
,17004618,,,,,
,720786569792253952,,,,,
,1082086081238102018,,,,,
,1082334352711790593,,,,,
,16419713,,,,,
,2655956864,,,,,
,1078749802765139968,,,,,
,175731113,,,,,
,18920073,,,,,
,1059722341,,,,,
,398088661,,,,,
,14154231,,,,,
,494612269,,,,,
,126062842,,,,,
,245424983,,,,,
,126118634,,,,,
,26441991,,,,,
,19985189,,,,,
,16000856,,,,,
,74829020,,,,,
,84077400,,,,,
,18191927,,,,,
,108993692,,,,,
,53176629,,,,,
,15854702,,,,,
,40927173,,,,,
,2195241,,,,,
,1476133082,,,,,
,193288540,,,,,
,2439177534,,,,,
,60959527,,,,,
,504917775,,,,,
,2715180255,,,,,
,1081665484465033216,,,,,
,77314692,,,,,
,110326494,,,,,
,612190532,,,,,
,346569284,,,,,
,2737079191,,,,,
,2165583805,,,,,
,379248303,,,,,
,887858892377432064,,,,,
,78445977,,,,,
,1050855031564627968,,,,,
,22657082,,,,,
,937499232,,,,,
,36711022,,,,,
,286476728,,,,,
,38960144,,,,,
,475294870,,,,,
,1596835069,,,,,
,17698956,,,,,
,18939358,,,,,
,1126127872907927552,,,,,
,1099325196853567492,,,,,
,3734155633,,,,,
,17737614,,,,,
,208361818,,,,,
,20888998,,,,,
,108977933,,,,,
,46822887,,,,,
,69296910,,,,,
,28117421,,,,,
,179566751,,,,,
,23995748,,,,,
,233783568,,,,,
,156370763,,,,,
,134846593,,,,,
,308552033,,,,,
,142905425,,,,,
,23083404,,,,,
,58894890,,,,,
,43910797,,,,,
,15723653,,,,,
,75797680,,,,,
,14868145,,,,,
,258102074,,,,,
,799047255378391040,,,,,
,16539917,,,,,
,906782533,,,,,
,2560783731,,,,,
,185408277,,,,,
,17573212,,,,,
,19619541,,,,,
,114619998,,,,,
,103436778,,,,,
,1115376342,,,,,
,1018294379138699265,,,,,
,1634248890,,,,,
,1042473921055019013,,,,,
,767966134490505217,,,,,
,62648354,,,,,
,86870268,,,,,
,43412697,,,,,
,719555092911931392,,,,,
,15204082,,,,,
,32780218,,,,,
,110396781,,,,,
,811239440916054016,,,,,
,40302336,,,,,
,1068273911224094721,,,,,
,1081222837459996672,,,,,
,3060489838,,,,,
,3044739166,,,,,
,361321755,,,,,
,15814350,,,,,
,2300480005,,,,,
,1434399565,,,,,
,22974854,,,,,
,235410459,,,,,
,4047343409,,,,,
,1135622396,,,,,
,319769408,,,,,
,7868832,,,,,
,824013770976559104,,,,,
,2383863246,,,,,
,13657662,,,,,
,16438248,,,,,
,20457080,,,,,
,14190948,,,,,
,19166519,,,,,
,762086073673494528,,,,,
,14939981,,,,,
,850432640129925120,,,,,
,180535644,,,,,
,1075517806551154689,,,,,
,38452560,,,,,
,887704019296276482,,,,,
,255036353,,,,,
,965015705123930114,,,,,
,250386727,,,,,
,246939630,,,,,
,1017637447,,,,,
,1038907742,,,,,
,139823781,,,,,
,231510077,,,,,
,28167597,,,,,
,39253470,,,,,
,831597303031091200,,,,,
,421576230,,,,,
,20772763,,,,,
,115576195,,,,,
,1129029661,,,,,
,878339964408283136,,,,,
,1025463656849526785,,,,,
,1105155687754063873,,,,,
,8198012,,,,,
,39547629,,,,,
,121172457,,,,,
,225265639,,,,,
,549579841,,,,,
,14529929,,,,,
,604940737,,,,,
,74508260,,,,,
,307912317,,,,,
,50646511,,,,,
,985749294,,,,,
,199325935,,,,,
,239949176,,,,,
,16684243,,,,,
,383647766,,,,,
,119250381,,,,,
,2533981820,,,,,
,133448051,,,,,
,50011708,,,,,
,16369805,,,,,
,25946632,,,,,
,117111183,,,,,
,221659600,,,,,
,15939644,,,,,
,1143659386147090434,,,,,
,245577025,,,,,
,1019974187975430144,,,,,
,53076571,,,,,
,122130797,,,,,
,1120102145393610752,,,,,
,1143541888785571841,,,,,
,1350549294,,,,,
,511273965,,,,,
,49633143,,,,,
,33805522,,,,,
,109387470,,,,,
,435571397,,,,,
,1045110018,,,,,
,39155029,,,,,
,14709326,,,,,
,26273230,,,,,
,2168821920,,,,,
,24024778,,,,,
,1123032754755637249,,,,,
,1069060597,,,,,
,188403766,,,,,
,3369803770,,,,,
,84614572,,,,,
,253712142,,,,,
,65045121,,,,,
,516771605,,,,,
,856708154603732992,,,,,
,192036594,,,,,
,1080539438508400642,,,,,
,556656834,,,,,
,19700387,,,,,
,1055070224305807361,,,,,
,233842454,,,,,
,1081209533253537792,,,,,
,201864200,,,,,
,15030766,,,,,
,1019322561824296960,,,,,
,1087871641961537537,,,,,
,1080584229510172678,,,,,
,323417384,,,,,
,1037321378,,,,,
,16573941,,,,,
,33530012,,,,,
,932972223157231616,,,,,
,953083640224894976,,,,,
,82119937,,,,,
,14811485,,,,,
,238319766,,,,,
,910973076640288769,,,,,
,226222147,,,,,
,912278708349698048,,,,,
,5763262,,,,,
,1077121945,,,,,
,720663855039451136,,,,,
,278175882,,,,,
,162436508,,,,,
,334894942,,,,,
,761783018,,,,,
,19409508,,,,,
,909589900130910208,,,,,
,3375809956,,,,,
,617266600,,,,,
,805154305,,,,,
,16222904,,,,,
,1377773816,,,,,
,46530078,,,,,
,564511791,,,,,
,774407512598704128,,,,,
,1105238883606790144,,,,,
,1025029183741861889,,,,,
,1080695666760929280,,,,,
,884921091273129985,,,,,
,21733692,,,,,
,17152685,,,,,
,23944798,,,,,
,792038436,,,,,
,323599188,,,,,
,37710752,,,,,
,872156132688711681,,,,,
,132009680,,,,,
,1111940934,,,,,
,18991439,,,,,
,11744152,,,,,
,17375057,,,,,
,430995737,,,,,
,262856460,,,,,
,16388786,,,,,
,993885029838319617,,,,,
,61843868,,,,,
,114870265,,,,,
,22709207,,,,,
,1080854064567668736,,,,,
,806906355214852096,,,,,
,1079802482640019456,,,,,
,713217283246530560,,,,,
,78706973,,,,,
,2468096389,,,,,
,3321135820,,,,,
,28796289,,,,,
,47646735,,,,,
,516880804,,,,,
,305307067,,,,,
,24506246,,,,,
,175183717,,,,,
,240812994,,,,,
,95270375,,,,,
,5770442,,,,,
,217708411,,,,,
,829760984,,,,,
,180681251,,,,,
,103018203,,,,,
,953642468028841984,,,,,
,140519774,,,,,
,1079769536730140672,,,,,
,120342217,,,,,
,297067961,,,,,
,27789237,,,,,
,586291040,,,,,
,7141302,,,,,
,16341344,,,,,
,19034656,,,,,
,25694156,,,,,
,80612021,,,,,
,216921189,,,,,
,453495356,,,,,
,26668729,,,,,
,1071545951414820865,,,,,
,22799750,,,,,
,787373558,,,,,
,31122582,,,,,
,771152516,,,,,
,92116069,,,,,
,1078692057940742144,,,,,
,19638752,,,,,
,192942213,,,,,
,2431547652,,,,,
,148002957,,,,,
,817113,,,,,
,2853910604,,,,,
,19086859,,,,,
,70740986,,,,,
,26642006,,,,,
,15907183,,,,,
,2461810448,,,,,
,40557819,,,,,
,839226269627621376,,,,,
,15446551,,,,,
,29201047,,,,,
,377609596,,,,,
,35761681,,,,,
,76545283,,,,,
,47767146,,,,,
,749303,,,,,
,1394944982,,,,,
,6974622,,,,,
,14984637,,,,,
,2970279814,,,,,
,109025212,,,,,
,1067826316622405633,,,,,
,2372139020,,,,,
,35586563,,,,,
,765735376912719876,,,,,
,21786618,,,,,
,193121884,,,,,
,60919240,,,,,
,1471542956,,,,,
,314797639,,,,,
,1079104563280527364,,,,,
,165791468,,,,,
,1360815800,,,,,
,22012091,,,,,
,22737278,,,,,
,37055926,,,,,
,806862084277407744,,,,,
,75094655,,,,,
,258900199,,,,,
,890675418780618753,,,,,
,151617922,,,,,
,231679323,,,,,
,747856999,,,,,
,2825591395,,,,,
,15593976,,,,,
,14377605,,,,,
,14515799,,,,,
,14561327,,,,,
,402025521,,,,,
,23593446,,,,,
,462143773,,,,,
,43464948,,,,,
,15033845,,,,,
,1006419421244678144,,,,,
,15808765,,,,,
,1491083406,,,,,
,915975047545749504,,,,,
,16563573,,,,,
,2516200550,,,,,
,2674458072,,,,,
,23220889,,,,,
,233979612,,,,,
,234014087,,,,,
,470707138,,,,,
,818282957618216960,,,,,
,242426145,,,,,
,92896595,,,,,
,17011177,,,,,
,47747074,,,,,
,391445643,,,,,
,34934634,,,,,
,613712440,,,,,
,15675138,,,,,
,1413698888,,,,,
,21406834,,,,,
,14573926,,,,,
,309070309,,,,,
,605153786,,,,,
,36972997,,,,,
,885339854,,,,,
,15607662,,,,,
,17043428,,,,,
,262959692,,,,,
,84456909,,,,,
,947956236804337664,,,,,
,1918808311,,,,,
,13493302,,,,,
,634734888,,,,,
,224494638,,,,,
,15682352,,,,,
,15764644,,,,,
,36686040,,,,,
,1055907624,,,,,
,2293131060,,,,,
,1542372750,,,,,
,1880725393,,,,,
,830908366377611266,,,,,
,1081562149,,,,,
,1010669219736948737,,,,,
,22524908,,,,,
,246088673,,,,,
,193441812,,,,,
,256210602,,,,,
,932340216,,,,,
,586,,,,,
,73206956,,,,,
,2274777314,,,,,
,48081662,,,,,
,2939107414,,,,,
,2792794113,,,,,
,15264675,,,,,
,1665514478,,,,,
,383566622,,,,,
,993876255530536960,,,,,
,963764892342935552,,,,,
,15224867,,,,,
,99402071,,,,,
,288363743,,,,,
,67486822,,,,,
,14982804,,,,,
,76716415,,,,,
,467823431,,,,,
,794962652556443649,,,,,
,829061809135030272,,,,,
,1694040764,,,,,
,1507338108,,,,,
,24889586,,,,,
,29501253,,,,,
,17985093,,,,,
,942156122,,,,,
,311276757,,,,,
,26044686,,,,,
,489918504,,,,,
,115823765,,,,,
,14384907,,,,,
,46220856,,,,,
,65707359,,,,,
,291859009,,,,,
,574688373,,,,,
,4786071561,,,,,
,148524657,,,,,
,3374048573,,,,,
,3281920219,,,,,
,2847603597,,,,,
,1100877248,,,,,
,130557513,,,,,
,1028373351864123392,,,,,
,80370806,,,,,
,950952511556538368,,,,,
,435331179,,,,,
,18214546,,,,,
,195631270,,,,,
,942566438019231744,,,,,
,1915033663,,,,,
,1047642419011960833,,,,,
,384734745,,,,,
,30288532,,,,,
,945051676481798144,,,,,
,54218903,,,,,
,17225211,,,,,
,40687812,,,,,
,827546290221367297,,,,,
,17813980,,,,,
,19730781,,,,,
,74186243,,,,,
,248482567,,,,,
,482708367,,,,,
,154145174,,,,,
,61802282,,,,,
,2693837167,,,,,
,135344405,,,,,
,115424431,,,,,
,802913449,,,,,
,26248457,,,,,
,4230896985,,,,,
,57172253,,,,,
,42724842,,,,,
,226963044,,,,,
,112528520,,,,,
,68984590,,,,,
,16316895,,,,,
,1051127714,,,,,
,571214272,,,,,
,377778216,,,,,
,321147772,,,,,
,19170880,,,,,
,68752979,,,,,
,14155907,,,,,
,557379987,,,,,
,449429374,,,,,
,205302299,,,,,
,38250495,,,,,
,319785911,,,,,
,239509917,,,,,
,246108164,,,,,
,378228848,,,,,
,38421062,,,,,
,4091551984,,,,,
,10054122,,,,,
,17149935,,,,,
,543952883,,,,,
,465046121,,,,,
,133929829,,,,,
,568712194,,,,,
,485805200,,,,,
,3751450582,,,,,
,11388132,,,,,
,21059255,,,,,
,21113237,,,,,
,838647265,,,,,
,1339835893,,,,,
,409486555,,,,,
,2176138431,,,,,
,930984916866625536,,,,,
,29450962,,,,,
,212657985,,,,,
,116850607,,,,,
,13850422,,,,,
,2166949278,,,,,
,962488074,,,,,
,581212011,,,,,
,466519303,,,,,
,18686907,,,,,
,1539713204,,,,,
,4842843378,,,,,
,135575282,,,,,
,24223641,,,,,
,815733290955112448,,,,,
,342863309,,,,,
,18678924,,,,,
,174110843,,,,,
,231108733,,,,,
,47114494,,,,,
,394060363,,,,,
,871989314,,,,,
,15447123,,,,,
,2468762893,,,,,
,16129920,,,,,
,6655612,,,,,
,4207961,,,,,
,309937733,,,,,
,248735463,,,,,
,505801750,,,,,
,254147536,,,,,
,16103326,,,,,
,743747108,,,,,
,158426909,,,,,
,1092979962,,,,,
,237810343,,,,,
,17171111,,,,,
,38413836,,,,,
,143104075,,,,,
,12143522,,,,,
,139847909,,,,,
,110213431,,,,,
,30364057,,,,,
,603004342,,,,,
,12,,,,,
,309747601,,,,,
,81480697,,,,,
,198323758,,,,,
,22959763,,,,,
,92515912,,,,,
,161044052,,,,,
,826845991429165073,,,,,
,774510134,,,,,
,14246088,,,,,
,57371662,,,,,
,93719349,,,,,
,38428725,,,,,
,816298918468259841,,,,,
,3796585516,,,,,
,851211,,,,,
,26657119,,,,,
,46241448,,,,,
,165678616,,,,,
,17768320,,,,,
,512225400,,,,,
,351130417,,,,,
,15864714,,,,,
,42692687,,,,,
,22662550,,,,,
,21251668,,,,,
,93069110,,,,,
,2967231508,,,,,
,21718571,,,,,
,126511890,,,,,
,885361,,,,,
,79274582,,,,,
,994727180168056832,,,,,
,45943310,,,,,
,35022547,,,,,
,20707070,,,,,
,57743032,,,,,
,111299153,,,,,
,831308549372260352,,,,,
,18052661,,,,,
,32309662,,,,,
,4099171,,,,,
,845299319049781248,,,,,
,362111287,,,,,
,1270426374,,,,,
,46213956,,,,,
,783792992,,,,,
,815995169015271424,,,,,
,289342771,,,,,
,3240396234,,,,,
,79858169,,,,,
,182273489,,,,,
,30699754,,,,,
,408887485,,,,,
,51454505,,,,,
,16733733,,,,,
,1976125669,,,,,
,394593711,,,,,
,351782264,,,,,
,23839835,,,,,
,24165761,,,,,
,16863340,,,,,
,18446787,,,,,
,14335586,,,,,
,997515465399382018,,,,,
,55586635,,,,,
,4816,,,,,
,863320472641044481,,,,,
,207223731,,,,,
,2822012692,,,,,
,22261364,,,,,
,917389190328877056,,,,,
,574857684,,,,,
,18320938,,,,,
,19146492,,,,,
,959842927261437952,,,,,
,2353731420,,,,,
,828639259724828672,,,,,
,53542264,,,,,
,30203220,,,,,
,76837768,,,,,
,19847765,,,,,
,21814978,,,,,
,44491388,,,,,
,63796828,,,,,
,20543416,,,,,
,340613443,,,,,
,54322823,,,,,
,15051291,,,,,
,20678309,,,,,
,18142371,,,,,
,17583309,,,,,
,47855309,,,,,
,1688875146,,,,,
,353225544,,,,,
,290180065,,,,,
,371454404,,,,,
,17982105,,,,,
,2675004742,,,,,
,701081673681637376,,,,,
,41439294,,,,,
,2773692164,,,,,
,2624587553,,,,,
,225963921,,,,,
,23357070,,,,,
,2954915265,,,,,
,13804812,,,,,
,18228898,,,,,
,88471724,,,,,
,953681936651714566,,,,,
,122181815,,,,,
,825127408890150912,,,,,
,12011422,,,,,
,981309087764934661,end of third group,,,,
,15644999,,,,,
,3195763956,,,,,
,527914276,,,,,
,19743953,,,,,
,350661938,,,,,
,182180556,,,,,
,76202337,,,,,
,955970813647314944,,,,,
,240334048,,,,,
,21891609,,,,,
,953009349139554305,,,,,
,20796969,,,,,
,22429979,,,,,
,755425,,,,,
,1120387332,,,,,
,245481431,,,,,
,1672053968,,,,,
,144885148,,,,,
,618300542,,,,,
,790206692055195649,,,,,
,293750918,,,,,
,214748525,,,,,
,16215201,,,,,
,866953267,,,,,
,337325417,,,,,
,136983163,,,,,
,17450599,,,,,
,59010637,,,,,
,598921658,,,,,
,14183384,,,,,
,443305251,,,,,
,2159329092,,,,,
,1048679066,,,,,
,22453291,,,,,
,19507867,,,,,
,294246938,,,,,
,425510058,,,,,
,408036857,,,,,
,45122898,,,,,
,863792935,,,,,
,2396681,,,,,
,466790242,,,,,
,137673734,,,,,
,935604634625994755,,,,,
,20650387,,,,,
,583998380,,,,,
,17333238,,,,,
,16400248,,,,,
,931901822599647232,,,,,
,2916305152,,,,,
,2201169726,,,,,
,2490877145,,,,,
,14849562,,,,,
,14246109,,,,,
,19750159,,,,,
,112047591,,,,,
,3681354315,,,,,
,957024441338417154,,,,,
,930482766332022784,,,,,
,823410689817583616,,,,,
,148466830,,,,,
,2519405626,,,,,
,1004922326,,,,,
,10012122,,,,,
,152142811,,,,,
,35785401,,,,,
,22952132,,,,,
,40924038,,,,,
,121817564,,,,,
,266333635,,,,,
,1344951,,,,,
,524595905,,,,,
,20221325,,,,,
,14327933,,,,,
,576457087,,,,,
,15049138,,,,,
,427059715,,,,,
,125190427,,,,,
,40129986,,,,,
,14098960,,,,,
,942878337806032901,,,,,
,857219719937613826,,,,,
,859659438352982016,,,,,
,1134531883,,,,,
,24284521,,,,,
,37060874,,,,,
,327337127,,,,,
,2030711,,,,,
,128082323,,,,,
,15731165,,,,,
,91441711,,,,,
,123422038,,,,,
,17372204,,,,,
,4220583346,,,,,
,914823569418391553,,,,,
,119478339,,,,,
,252414292,,,,,
,179810978,,,,,
,2347049341,,,,,
,2209742392,,,,,
,88749392,,,,,
,35415506,,,,,
,14106829,,,,,
,87849193,,,,,
,845743333,,,,,
,257824868,,,,,
,18511844,,,,,
,46418525,,,,,
,23459911,,,,,
,181271937,,,,,
,199399909,,,,,
,84245958,,,,,
,386056280,,,,,
,19682187,,,,,
,936379026486243328,,,,,
,156016878,,,,,
,1947301,,,,,
,48099210,,,,,
,873398461143687168,,,,,
,761167885720956929,,,,,
,2382588132,,,,,
,267915933,,,,,
,2436016446,,,,,
,917771315960057858,,,,,
,904349455796850689,,,,,
,895232712772120577,,,,,
,160138919,,,,,
,192824559,,,,,
,25904260,,,,,
,15199907,,,,,
,31013444,,,,,
,16186313,,,,,
,17849966,,,,,
,14452301,,,,,
,3160511,,,,,
,135060958,,,,,
,979100442,,,,,
,90748205,,,,,
,88215673,,,,,
,17667706,,,,,
,15049407,,,,,
,139909832,,,,,
,45486026,,,,,
,14855994,,,,,
,17022537,,,,,
,20088745,,,,,
,3129181760,,,,,
,1604931252,,,,,
,97327765,,,,,
,965266179836252161,,,,,
,23991863,,,,,
,15276654,,,,,
,114881944,,,,,
,105998402,,,,,
,61371461,,,,,
,809987477691711488,,,,,
,115670062,,,,,
,2256991388,,,,,
,752550269582323712,,,,,
,881560964063252481,,,,,
,2816403979,,,,,
,91243832,,,,,
,47147054,,,,,
,2172596028,,,,,
,782585413747798016,,,,,
,1379528239,,,,,
,31458109,,,,,
,15868970,,,,,
,14652182,,,,,
,3098851091,,,,,
,28631611,,,,,
,734411522898812928,,,,,
,723641112360062981,,,,,
,3883482634,,,,,
,35516339,,,,,
,586749256,,,,,
,254325141,,,,,
,5520952,,,,,
,499500898,,,,,
,16170253,,,,,
,2644697608,,,,,
,827176952452759555,,,,,
,78183820,,,,,
,314563166,,,,,
,26862045,,,,,
,811350,,,,,
,791077327,,,,,
,1297729854,,,,,
,136260002,,,,,
,2289003747,,,,,
,68473830,,,,,
,154435010,,,,,
,8011072,,,,,
,24254084,,,,,
,233364902,,,,,
,36675761,,,,,
,37721714,,,,,
,164304654,,,,,
,64789340,,,,,
,14471411,,,,,
,17158189,,,,,
,717863163,,,,,
,851207343303868416,,,,,
,861717981096587265,,,,,
,243260429,,,,,
,252706713,,,,,
,30284449,,,,,
,2172163683,,,,,
,705706292,,,,,
,76097317,,,,,
,305318105,,,,,
,701725963,,,,,
,82455213,,,,,
,15726324,,,,,
,997684836,,,,,
,840378550918176769,,,,,
,19397785,,,,,
,637196658,,,,,
,472587261,,,,,
,516769926,,,,,
,2439005785,,,,,
,547114168,,,,,
,184422092,,,,,
,186457433,,,,,
,3403594131,,,,,
,237637694,,,,,
,14337312,,,,,
,1543378346,,,,,
,18129606,,,,,
,159147860,,,,,
,16310349,,,,,
,2447662261,,,,,
,189376144,,,,,
,2254602494,,,,,
,869668765339979777,,,,,
,461233700,,,,,
,14317810,,,,,
,18148282,,,,,
,19734832,,,,,
,197099560,,,,,
,78768913,,,,,
,14220771,,,,,
,104561629,,,,,
,3337804853,,,,,
,352093320,,,,,
,29370120,,,,,
,2910037419,,,,,
,1850112632,,,,,
,435943037,,,,,
,64333410,,,,,
,820827107769143300,,,,,
,65122792,,,,,
,189427514,,,,,
,17050431,,,,,
,3052818747,,,,,
,65698096,,,,,
,164929952,,,,,
,7433772,,,,,
,41154223,,,,,
,871537392506765313,,,,,
,23833641,,,,,
,495110495,,,,,
,28345779,,,,,
,20444181,,,,,
,370982639,,,,,
,9532402,,,,,
,46417885,,,,,
,2392793436,,,,,
,325076723,,,,,
,227032210,,,,,
,61220477,,,,,
,711421500,,,,,
,15392959,,,,,
,16462209,,,,,
,829521053948981248,,,,,
,342794853,,,,,
,19333719,,,,,
,855918131495219204,,,,,
,863788052652621824,,,,,
,3282033720,,,,,
,306116656,,,,,
,22656149,,,,,
,16395525,,,,,
,15891430,,,,,
,98222741,,,,,
,742453163098296320,,,,,
,763099930487615488,,,,,
,36649831,,,,,
,74820061,,,,,
,875460560015343616,,,,,
,268950193,,,,,
,433439383,,,,,
,832455704,,,,,
,49697450,,,,,
,2535801727,,,,,
,1963312058,,,,,
,267856525,,,,,
,28502793,,,,,
,18699572,,,,,
,44439772,,,,,
,18872608,,,,,
,39203045,,,,,
,15195539,,,,,
,3344055509,,,,,
,22768264,,,,,
,1885249040,,,,,
,296431303,,,,,
,17717430,,,,,
,23009949,,,,,
,901178990899191813,,,,,
,894305143,,,,,
,59960371,,,,,
,128733097,,,,,
,20097201,,,,,
,248300454,,,,,
,21782597,,,,,
,13524182,,,,,
,26583978,,,,,
,34781412,,,,,
,817903729,,,,,
,804942871,,,,,
,900189590539177984,,,,,
,16935292,,,,,
,131497030,,,,,
,43638469,,,,,
,904880248658919424,,,,,
,1964971663,,,,,
,131935861,,,,,
,57039392,,,,,
,904785170456293376,,,,,
,797569732861980673,,,,,
,570085943,,,,,
,286811443,,,,,
,9228382,,,,,
,329115426,,,,,
,56737658,,,,,
,846172838495244288,,,,,
,22283200,,,,,
,48059505,,,,,
,249348169,,,,,
,78514857,,,,,
,338779219,,,,,
,243263553,,,,,
,433127361,,,,,
,135623073,,,,,
,346964561,,,,,
,236617847,,,,,
,394724132,,,,,
,38354090,,,,,
,358244184,,,,,
,120824926,,,,,
,2334193741,,,,,
,242058805,,,,,
,118938550,,,,,
,865408087271677952,,,,,
,956955703,,,,,
,177700392,,,,,
,722127759699505153,,,,,
,25605494,,,,,
,25006960,,,,,
,2296617739,,,,,
,216065430,,,,,
,929748289959923713,,,,,
,833499844517961728,,,,,
,93665268,,,,,
,134622111,,,,,
,206269477,,,,,
,829928345638891521,,,,,
,23459631,,,,,
,833378661071982597,,,,,
,637321201,,,,,
,498476752,,,,,
,17759148,,,,,
,518593549,,,,,
,561516853,,,,,
,898728088623886336,,,,,
,894629257313304576,,,,,
,884851844761169920,,,,,
,832779631669366789,,,,,
,3177176562,,,,,
,835247866524270592,,,,,
,21528430,,,,,
,16319594,,,,,
,115050842,,,,,
,18906097,,,,,
,325663495,,,,,
,59159771,,,,,
,27058347,,,,,
,758881342310318080,,,,,
,51228973,,,,,
,54617733,,,,,
,67415806,,,,,
,74087670,,,,,
,56539097,,,,,
,25535595,,,,,
,21688902,,,,,
,377949581,,,,,
,9589252,,,,,
,57362673,,,,,
,2729061,,,,,
,50413725,,,,,
,422104815,,,,,
,1395871423,,,,,
,111122177,,,,,
,2735293897,,,,,
,826981458946424833,,,,,
,40788497,,,,,
,3246501357,,,,,
,18567903,,,,,
,962585492,,,,,
,61242633,,,,,
,19374372,,,,,
,307434638,,,,,
,845303572388593664,,,,,
,821940204814602240,,,,,
,899739707843727360,,,,,
,831972659609104384,,,,,
,121787593,,,,,
,741000470,,,,,
,818040343,,,,,
,892491627088011264,,,,,
,24560143,,,,,
,855556862,,,,,
,45879022,,,,,
,3598442532,,,,,
,473619428,,,,,
,22447078,,,,,
,93907882,,,,,
,1944680329,,,,,
,852179048419794946,,,,,
,809250675792244736,,,,,
,64326023,,,,,
,23232204,,,,,
,27711685,,,,,
,30488144,,,,,
,335972576,,,,,
,77347110,,,,,
,254189414,,,,,
,825717580337905665,,,,,
,751902676011479040,,,,,
,1040931031,,,,,
,3141672447,,,,,
,828041707128311815,,,,,
,17929529,,,,,
,4173811888,,,,,
,355591226,,,,,
,130496027,,,,,
,949934436,,,,,
,15283286,,,,,
,22530626,,,,,
,874113037892034561,,,,,
,37074061,,,,,
,59806641,,,,,
,838239860263636992,,,,,
,6576492,,,,,
,76229389,,,,,
,12133382,,,,,
,3016964678,,,,,
,488620840,,,,,
,800707492346925056,,,,,
,836449242604531712,,,,,
,11757522,,,,,
,15729844,,,,,
,1247612029,,,,,
,393588826,,,,,
,102802196,,,,,
,468752446,,,,,
,10069612,,,,,
,14695985,,,,,
,948527498,,,,,
,862430010,,,,,
,29447358,,,,,
,112471133,,,,,
,148529707,,,,,
,743155123258531840,,,,,
,40364287,,,,,
,18208354,,,,,
,357606935,,,,,
,21827037,,,,,
,145348411,,,,,
,136150088,,,,,
,55338739,,,,,
,72198806,,,,,
,19834403,,,,,
,747836013310021632,,,,,
,137626624,,,,,
,2171052229,,,,,
,24130824,,,,,
,148397910,,,,,
,23708602,,,,,
,1337524615,,,,,
,2216041938,,,,,
,111416652,,,,,
,357092583,,,,,
,471454646,,,,,
,160720376,,,,,
,18363255,,,,,
,2504452635,,,,,
,19259102,,,,,
,727034425,,,,,
,12388512,,,,,
,42971403,,,,,
,81168306,,,,,
,29134273,,,,,
,17266725,,,,,
,376243560,,,,,
,2750877815,,,,,
,19119809,,,,,
,17973162,,,,,
,19404112,,,,,
,811050248357511168,,,,,
,31129627,,,,,
,36510146,,,,,
,17872898,,,,,
,620096179,,,,,
,3195871562,,,,,
,3125720528,,,,,
,34487135,,,,,
,144533152,,,,,
,26548315,,,,,
,313644703,,,,,
,919470745,,,,,
,89887215,,,,,
,15275864,,,,,
,71411021,,,,,
,16411233,,,,,
,97732452,,,,,
,519072324,,,,,
,2983369510,,,,,
,79923701,,,,,
,36707799,,,,,
,939091,,,,,
,164007407,,,,,
,33563161,,,,,
,164369297,,,,,
,1252002462,,,,,
,249469549,,,,,
,351065668,,,,,
,26043268,,,,,
,249217178,,,,,
,1483355989,,,,,
,4745447542,,,,,
,15164565,,,,,
,49698134,,,,,
,5971922,,,,,
,250908761,,,,,
,29417304,,,,,
,48770091,,,,,
,122168678,,,,,
,3535218977,,,,,
,334217161,,,,,
,174836551,,,,,
,201567844,,,,,
,875013898109374464,,,,,
,93330579,,,,,
,1235496025,,,,,
,78634272,,,,,
,36823,,,,,
,715903852973834240,,,,,
,856160674686185472,,,,,
,8565452,,,,,
,827165816110080000,,,,,
,50504547,,,,,
,13296612,,,,,
,510756601,,,,,
,718663934,,,,,
,1092281096,,,,,
,253340075,,,,,
,582054004,,,,,
,2838463622,,,,,
,63876208,,,,,
,92854623,,,,,
,79743108,,,,,
,45055696,,,,,
,14594844,,,,,
,780454154959523840,,,,,
,547815281,,,,,
,39218953,,,,,
,1262736474,,,,,
,1145640625,,,,,
,551520612,,,,,
,827323819161423873,,,,,
,4517565515,,,,,
,2260972448,,,,,
,318550411,,,,,
,63363893,,,,,
,1586892079,,,,,
,20110424,,,,,
,760534926147981312,,,,,
,99572856,,,,,
,142849883,,,,,
,150135224,,,,,
,108200472,,,,,
,14606079,,,,,
,17291452,,,,,
,18510860,,,,,
,875029068223315968,,,,,
,460703819,,,,,
,19605981,,,,,
,15972756,,,,,
,313315283,,,,,
,713756015397892097,,,,,
,15250836,,,,,
,2434051392,,,,,
,10117892,,,,,
,318692762,,,,,
,474464413,,,,,
,20479813,,,,,
,14266598,,,,,
,170254080,,,,,
,16376937,,,,,
,71120500,,,,,
,30256559,,,,,
,11915822,,,,,
,1259543929,,,,,
,544871268,,,,,
,3430882365,,,,,
,20480549,,,,,
,805491219132547072,,,,,
,62090215,,,,,
,1880038434,,,,,
,2905143310,,,,,
,887369929841811456,,,,,
,835588020896161792,,,,,
,49217025,,,,,
,24352029,,,,,
,285894793,,,,,
,2302481323,,,,,
,799976953759625216,,,,,
,21636062,,,,,
,1110810962,,,,,
,821765478196674561,,,,,
,39364684,,,,,
,3321764962,,,,,
,814917353515417601,,,,,
,757316918,,,,,
,21146733,,,,,
,26637348,,,,,
,308779730,,,,,
,35206133,,,,,
,857401811799552005,,,,,
,4895878430,,,,,
,2977725884,,,,,
,117777690,,,,,
,175595938,,,,,
,70279712,,,,,
,813140419055915009,,,,,
,2400284491,,,,,
,226320142,,,,,
,4849537027,,,,,
,57405911,,,,,
,608312707,,,,,
,531436010,,,,,
,710682575870795776,,,,,
,14226882,,,,,
,263879706,,,,,
,334385278,,,,,
,830818073456308225,,,,,
,1267982563,,,,,
,2731608373,,,,,
,136361303,,,,,
,868875880059330562,,,,,
,157306826,,,,,
,787641231618797569,,,,,
,115172311,,,,,
,29041660,,,,,
,1646506182,,,,,
,878403801987727360,,,,,
,70146366,,,,,
,14135426,,,,,
,817089118178054145,,,,,
,4970411,,,,,
,2374764228,,,,,
,3235934273,,,,,
,24190981,,,,,
,789126584791867392,,,,,
,16906137,,,,,
,772941628134699008,,,,,
,1265726480,,,,,
,22642788,,,,,
,742143,,,,,
,2467791,,,,,
,51241574,,,,,
,1652541,,,,,
,807095,,,,,
,18949452,,,,,
,3108351,,,,,
,25598396,,,,,
,1493607828,,,,,
,809420163711909888,,,,,
,823565852922576897,,,,,
,800942537083068416,,,,,
,27187343,,,,,
,18880638,,,,,
,17241895,,,,,
,9300262,,,,,
,14195941,,,,,
,826472694426255361,,,,,
,750161972,,,,,
,193887510,,,,,
,1585983950,,,,,
,1924071992,,,,,
,2724202896,,,,,
,26590781,,,,,
,891511949057458176,,,,,
,805541802468114433,,,,,
,15467700,,,,,
,14426645,,,,,
,17393196,,,,,
,701971175946133504,,,,,
,20811093,,,,,
,116994659,,,,,
,15859912,,,,,
,1249982359,,,,,
,2861151808,,,,,
,1967462364,,,,,
,111635980,,,,,
,833866550906068992,,,,,
,30354991,,,,,
,82939583,,,,,
,3344783050,,,,,
,2810623552,,,,,
,6577922,,,,,
,44488446,,,,,
,2396505878,,,,,
,389309776,,,,,
,2517021891,,,,,
,573842268,,,,,
,3193944696,,,,,
,823997832034140161,,,,,
,767502969633841153,,,,,
,3075856310,,,,,
,26236022,,,,,
,747248021889499141,,,,,
,3063996411,,,,,
,244655353,,,,,
,21921531,,,,,
,203133172,,,,,
,97071323,,,,,
,141286022,,,,,
,292083207,,,,,
,31483786,,,,,
,342345319,,,,,
,20437704,,,,,
,22049097,,,,,
,57491188,,,,,
,811943150126297088,,,,,
,17494010,,,,,
,834081571493785600,,,,,
,232268199,,,,,
,132496568,,,,,
,385151879,,,,,
,454304784,,,,,
,710899065907597312,,,,,
,7900962,,,,,
,813286,,,,,
,864839694827143168,,,,,
,17075878,,,,,
,4696552878,,,,,
,13393052,,,,,
,38271276,,,,,
,803694179079458816,,,,,
,183679946,,,,,
,845873292103880704,,,,,
,394046454,,,,,
,820314398,,,,,
,566806945,,,,,
,863040334149898240,,,,,
,47285504,,,,,
,20064655,,,,,
,5768872,,,,,
,30050899,,,,,
,48454575,,,,,
,14370819,,,,,
,66029328,,,,,
,3253125358,,,,,
,5392522,,,,,
,805425725683732480,,,,,
,4176134758,,,,,
,2169699951,,,,,
,1075248840,,,,,
,43963249,,,,,
,15207668,,,,,
,970207298,,,,,
,16370091,,,,,
,827234967512035330,,,,,
,188793260,,,,,
,22093595,,,,,
,98181538,,,,,
,490913837,,,,,
,171575862,,,,,
,1005143113,,,,,
,403543450,,,,,
,128358556,,,,,
,122486754,,,,,
,216776631,,,,,
,810590628727914496,,,,,
,29442313,,,,,
,2329066872,,,,,
,753623149929869312,,,,,
,716435110845808641,,,,,
,820705814906339328,,,,,
,29096230,,,,,
,14344048,,,,,
,279863231,,,,,
,50386972,,,,,
,151444950,,,,,
,224381577,,,,,
,94013297,,,,,
,268374771,,,,,
,16879936,,,,,
,348525629,,,,,
,23865382,,,,,
,43815485,,,,,
,14272312,,,,,
,429227921,,,,,
,249458975,,,,,
,496375356,,,,,
,544060056,,,,,
,820585,,,,,
,210684204,,,,,
,28046633,,,,,
,19306040,,,,,
,571202103,,,,,
,16845324,,,,,
,1908764006,,,,,
,185306575,,,,,
,1354260722,,,,,
,59252043,,,,,
,21940845,,,,,
,700079090,,,,,
,46476337,,,,,
,80683134,,,,,
,874916178,,,,,
,603986878,,,,,
,20551303,,,,,
,502188065,,,,,
,5901702,,,,,
,1232921958,,,,,
,736506127,,,,,
,538578604,,,,,
,9207632,,,,,
,500704345,,,,,
,876260670,,,,,
,37907055,,,,,
,241263414,,,,,
,497583699,,,,,
,134460455,,,,,
,278711467,,,,,
,589567425,,,,,
,16581604,,,,,
,89465917,,,,,
,365428558,,,,,
,563438235,,,,,
,246676861,,,,,
,6480682,,,,,
,20536103,,,,,
,170393291,,,,,
,23832022,,,,,
,6753532,,,,,
,18995454,,,,,
,14313332,,,,,
,581901516,,,,,
,22214087,,,,,
,113288047,,,,,
,634819940,,,,,
,20402544,,,,,
,184579790,,,,,
,257724892,,,,,
,11740902,,,,,
,217567235,,,,,
,221649075,,,,,
,153508318,,,,,
,18253974,,,,,
,134657244,,,,,
,209231595,,,,,
,15492359,,,,,
,322249716,,,,,
,443275537,,,,,
,423589538,,,,,
,220531887,,,,,
,115485051,,,,,
,20609518,,,,,
,426768194,,,,,
,16303106,,,,,
,419819342,,,,,
,368520256,,,,,
,65114379,,,,,
,15520744,,,,,
,50864224,,,,,
,63826562,,,,,
,29960972,,,,,
,30172459,,,,,
,161517503,,,,,
,14258424,,,,,
,210982031,,,,,
,25511161,,,,,
,111118479,,,,,
,17904843,,,,,
,243127269,,,,,
,15020614,,,,,
,182374755,,,,,
,68286631,,,,,
,197176970,,,,,
,29129703,,,,,
,76786558,,,,,
,248995127,,,,,
,233833064,,,,,
,16206660,,,,,
,177421666,,,,,
,188804654,,,,,
,197875927,,,,,
,14255571,,,,,
,64872831,,,,,
,193883484,,,,,
,143554341,,,,,
,42508280,,,,,
,71004595,,,,,
,28934364,,,,,
,26422753,,,,,
,29068824,,,,,
,5988062,,,,,
,29102178,,,,,
,41255237,,,,,
,47627203,,,,,
,17626040,,,,,
,48168431,,,,,
,48401818,,,,,
,88524602,,,,,
,4877531,,,,,
,19299909,,,,,
,98542569,,,,,
,21016650,,,,,
,19866832,,,,,
,16371064,,,,,
,17618786,,,,,
,73465781,,,,,
,15396962,,,,,
,18858323,,,,,
,17520319,,,,,